"plantsize","x_location","y_location"
9.49461619655965,-0.560475646552213,-0.77603654812744
10.1582995398479,-0.23017748948328,-0.655043788507834
10.8496134485409,1.55870831414912,1.2613739164979
11.3211045269261,0.070508391424576,0.403079062855553
9.66182625384605,0.129287735160946,-1.98469890716996
12.0923131465453,1.71506498688328,2.39810594916102
8.6611267324268,0.460916205989202,0.980183838979791
8.24205265371652,-1.26506123460653,2.28367675584506
11.8566012444706,-0.686852851893526,0.841771812104334
9.39854786152316,-0.445661970099958,-0.169790294011971
12.461027585747,1.22408179743946,3.90943204567783
12.0232124696504,0.359813827057364,3.51213293744419
10.2738399020197,0.400771450594052,-0.518326090993153
11.024262201235,0.11068271594512,1.02437331392798
9.66559672573297,-0.555841134754075,0.0108325139908125
13.0295620722674,1.78691313680308,1.58050771495555
9.31553730350497,0.497850478229239,0.976467967683434
11.1214987292753,-1.96661715662964,-1.74520904118387
9.99171272846288,0.701355901563686,1.1362675310244
10.5602203443312,-0.472791407727934,2.01285165927783
10.0893395578133,-1.06782370598685,-0.198001857128225
11.1086692618193,-0.217974914658295,0.228085831972399
11.522214000607,-1.02600444830724,1.38556978218385
9.89773776258398,-0.72889122929114,1.03395062603738
9.56727223234874,-0.625039267849257,-1.46101445230591
9.08166350046302,-1.68669331074241,-0.11478968210902
11.4128116430445,0.837787044494525,2.572440756925
10.4968848381623,0.153373117836515,1.9919629088374
11.7484883196466,-1.13813693701195,0.350883135308256
10.5245030019128,1.25381492106993,1.84812826764786
8.74954733203979,0.426464221476814,-0.483703101450277
9.59676411746455,-0.295071482992271,0.652595825385238
10.6726128441745,0.895125661045022,-0.00688610466531114
11.2163474192441,0.878133487533042,0.481048675669577
10.3019835359289,0.821581081637487,1.84639422459835
10.0366492675883,0.688640254100091,-0.292572984641098
10.5103851736991,0.553917653537589,1.04387707764185
11.3407114889079,-0.0619117105767217,0.897376184183183
11.0774942134061,-0.305962663739917,0.401930637969671
9.67048966259118,-0.380471001012383,2.13195332132922
10.1046765190938,-0.694706978920513,-0.869700818035506
10.7281808121631,-0.207917278019599,1.0021716224258
8.31586608114524,-1.26539635156826,-0.2216287432348
11.6068184394418,2.16895596533851,1.32364573883533
11.9563693644675,1.20796199830499,1.56807223300488
9.75564241830929,-1.12310858320335,-1.08195488228561
9.9012572151795,-0.402884835299076,-1.01489333416794
9.93991925900978,-0.466655353623219,-0.227808552295032
10.9129236516442,0.779965118336318,2.64173970892361
9.07857011054216,-0.0833690664718293,0.514080241376605
10.1384347779511,0.253318513994755,0.958093655225263
9.7050702918205,-0.028546755348703,0.295879984648109
10.9992762560127,-0.0428704572913161,0.949057503308167
11.8724499865388,1.36860228401446,0.232621598990083
10.1000946112206,-0.225770985659268,1.54502497373901
12.3162897597635,1.51647060442954,1.84294056245612
10.3955122071167,-1.54875280423022,-1.08082922480682
11.0767362782401,0.584613749636069,0.846860120630027
10.5656915198758,0.123854243844614,1.27825874142143
10.6171917460848,0.215941568743973,1.16570176642659
11.9974715638868,0.379639482759882,2.17175375725682
8.98097702148855,-0.502323453109302,-0.364149481449501
11.4629523229727,-0.33320738366942,1.44953292365568
9.92953590137044,-1.01857538310709,1.02726031838767
10.140277438317,-1.07179122647558,-0.198378745140643
9.35608225638395,0.303528641404258,-0.324162372119756
9.72612800958774,0.448209778629426,-0.365040301569803
10.6019287819176,0.0530042267305041,0.984289071310223
8.61692614067695,0.922267467879738,0.890007000218974
13.6512040633604,2.05008468562714,3.30414500966502
10.5009483728175,-0.491031166056535,0.789622377467937
10.454510233225,-2.30916887564081,-1.0265293129839
9.28411016183261,1.00573852446226,-0.0226729862659859
9.3609460770734,-0.709200762582393,-0.437002055896448
10.0951067132665,-0.688008616467358,0.498884084663652
8.86820412887728,1.0255713696967,0.561851037791699
10.8929818990145,-0.284773007051009,0.871843616705186
7.89147886895071,-1.22071771225454,-0.44469690829705
9.65578361036173,0.18130347974915,0.4850918310801
9.15976791787301,-0.138891362439045,-0.29995535402735
9.24050121023344,0.00576418589988693,2.40792567785865
9.36317975062311,0.38528040112633,1.02526193203356
10.221010945931,-0.370660031792409,0.545303624603246
9.49052998497518,0.644376548518833,-0.869674140624651
9.77130275190048,-0.220486561818751,1.04954861863995
7.58152328598473,0.331781963915697,-0.357732606921863
8.90278866283411,1.09683901314935,0.156897932220376
10.5953610650576,0.435181490833803,1.63593191643855
9.08508807355168,-0.325931585531227,-0.115666439273843
8.79618808046598,1.14880761845109,-0.673968470777634
13.0765640270406,0.993503855962119,2.76665603787041
9.47018903681755,0.54839695950807,-1.60320844563849
9.36076932067823,0.238731735111441,1.19217739741531
9.33139411850542,-0.627906076039371,1.20329621106492
10.3347763320205,1.36065244853001,0.549358357604469
9.19517952679395,-0.600259587147127,0.644157257837991
11.8844409130046,2.18733299301658,2.03279688489684
12.3306542142453,1.53261062618519,2.30692846600711
10.7887869005447,-0.235700359100477,0.866249208402284
10.2050477232607,-1.02642090030678,-0.258094229245915
9.56417443151578,-0.710406563699301,1.06078877609056
10.8828731154857,0.25688370915653,1.42906421108803
10.7263294228114,-0.246691878462374,-0.559914973366979
9.79654750282982,-0.347542599397733,-1.0745587336946
10.3097652845796,-0.951618567265016,0.18446825636067
8.88604696700504,-0.0450277248089203,0.203523762820357
9.84083026174386,-0.784904469457076,-0.877991347290834
9.57142581483692,-1.66794193658814,-0.250040288779036
10.1476551588447,-0.380226520287762,-1.01010978663079
11.1883351851319,0.918996609060766,1.12072465585658
9.85502156697618,-0.575346962608392,-0.412601868846116
10.1821685959333,0.607964322225033,1.761146435305
7.62025297820269,-1.61788270828916,2.11554778701695
10.1965404639614,-0.0555619655245394,-0.443760226449062
12.244228083986,0.519407203943462,1.81736777291471
9.76033500788924,0.301153362166714,1.47572640885164
9.7477997054733,0.105676194148943,0.482643872769113
10.2995866077249,-0.640706008305376,-0.273999378209703
8.98930060208664,-0.849704346033582,1.65045553382069
10.6487562853372,-1.02412879060491,-2.0175222135387
9.94233123459851,0.117646597100126,-0.0843714930436003
9.51512952416157,-0.947474614184802,-1.41058075075018
10.7076740437695,-0.490557443700668,1.65003471709574
10.8337402969939,-0.256092192198247,0.181250471256019
12.2151892977316,1.84386200523221,0.897259803146432
10.7797689528821,-0.651949901695459,3.3580695232186
9.6975173751438,0.235386572284857,0.5676560182548
9.56607256026502,0.0779608495637108,0.0952311129153318
10.0754339212212,-0.961856634130129,0.31893693307108
10.4414993033992,-0.0713080861235987,-1.10407866381677
11.3842976059225,1.44455085842335,1.71257807188374
9.88985431523357,0.451504053079215,0.62958882545964
9.60407268022673,0.0412329219929399,0.989141583526616
11.4477543232542,-0.422496832339625,-0.693619052107666
8.56745103381222,-2.05324722154052,-1.5496074529182
10.2305788457655,1.13133721341418,0.372253943430903
10.4215724569725,-1.46064007092482,-0.998309608555193
10.2506717446277,0.739947510877334,2.16902372212226
14.0788969370107,1.90910356921748,3.03369734641683
8.08625647722236,-1.4438931609718,-0.378838533524967
11.2961617854521,0.701784335374711,0.491955607102675
8.31316623730244,-0.262197489402468,0.0398624248770975
7.76713199601371,-1.57214415914549,-0.216835601719727
9.17438224794883,-1.51466765378175,-0.160429593189821
10.0083752403803,-1.60153617357459,-0.0107336990217263
9.32886290575503,-0.530906522170303,-0.512132202131407
9.86670382441232,-1.4617555849959,-1.07777418131827
11.5122353290043,0.687916772975828,2.041036050234
10.4029484070114,2.10010894052567,1.00142710915951
9.71469321793641,-1.28703047603518,0.159530457207861
11.0737155391688,0.787738847475178,0.836898889934257
11.6680319572994,0.76904224100091,-0.0733282716502142
10.9729212073282,0.332202578950118,1.25716319888657
11.5625428865662,-1.00837660827701,0.168916569354451
10.6993263777872,-0.119452606630659,1.84005705289718
9.99726071546952,-0.280395335170247,0.477261917041865
8.01641218986324,0.56298953322048,0.449949008409387
8.74625674157501,-0.372438756103829,0.592075535253449
9.64303057574411,0.976973386685621,-0.197104955692529
10.6681629196925,-0.374580857767014,-0.523184482277104
10.8988968450274,1.05271146557933,1.5366289839291
10.5548392808415,-1.04917700666607,-0.357709404556981
8.89448492522009,-1.26015524475811,-0.19603856873152
13.7006597956576,3.2410399349424,2.00529825804925
10.1783457169169,-0.416857588160432,-0.358941412854745
9.19229956186592,0.298227591540715,-1.36957486331206
10.781389161437,0.636569674033849,1.16711980719352
9.23815629857302,-0.483780625708744,1.01974919479249
10.182932235372,0.516862044313609,-0.530285213193321
10.7889704033261,0.368964527385086,2.16688498215115
10.0031801596904,-0.215380507641693,0.777464569866388
8.49378851507573,0.0652930335253153,1.87428681175653
9.2361612893922,-0.034067253738464,-0.47420409811152
10.9115853738953,2.12845189901618,1.73100723786234
8.31514468812466,-0.741336096272828,0.0293179929247774
9.14578138142714,-1.09599626707466,0.720509298344444
9.83051108346744,0.0377883991710788,-0.0569653683271538
10.5438290362255,0.310480749443137,0.645142702769107
10.6913913332685,0.436523478910183,-1.06039740928885
10.4133536588786,-0.458365332711106,-0.506804109226053
10.8747700759345,-1.06332613397119,0.0933708166795146
9.95366052103205,1.26318517608949,0.425271095656522
9.6642841473273,-0.349650387953555,0.281605320211743
11.0918790049027,-0.865512862653374,-0.400682405251907
10.0585218183469,-0.236279568941097,0.988790351690942
8.45924451328097,-0.197175894348552,1.56990036157529
9.43993358790041,1.10992028971364,0.232458732049298
11.0731029084843,0.0847372921971965,0.23533208750387
10.8015171883852,0.754053785184521,2.316788150962
10.38025361741,-0.499292017172261,-1.94856926276984
10.1239583672117,0.214445309581601,0.287384863050066
9.56163962836023,-0.324685911490835,2.40236132839793
10.3364694640843,0.0945835281735714,2.74088183315104
10.2504401298612,-0.895363357977542,0.208913644361379
10.5425564820457,-1.31080153332797,-1.01900971727762
13.428949859394,1.99721338474797,1.66406411186442
9.93409340998132,0.600708823672418,0.147580015889189
8.38676897730352,-1.25127136162494,1.32718160147901
10.1694102081404,-0.611165916680421,-0.612065614043256
10.4767519572437,-1.18548008459731,0.280171552910093
15.3855597445869,2.19881034888372,2.21925524901055
10.0089246669912,1.31241297643351,0.398696327520906
9.72932278417409,-0.265145056696353,1.21895215315801
10.9479739309037,0.54319405923209,0.0236670586997387
11.2332337448845,-0.41433994791886,0.92306985569455
9.24190129499166,-0.476246894615578,1.35853818579576
10.7572286492237,-0.788602837850243,-0.882744341308327
9.24783965567407,-0.594617267459511,1.31068640724984
10.0601106459481,1.65090746733669,0.835920862455933
10.7506970020294,-0.0540281250854405,0.767339325894248
10.3161145582054,0.119245236427584,0.761460090502562
10.4763456403699,0.243687429599092,0.194647328461344
10.6726955804705,1.23247587848534,1.38434080924045
11.8007339648628,-0.51606383094478,-0.988462840896228
10.6052584373669,-0.992507150392037,-0.132390447380983
12.0386969942928,1.67569693240319,2.16363929786677
10.6976287116483,-0.441163216905286,-1.89470625768196
8.93116118731357,-0.723065969939874,-1.34945917232819
10.2738683482913,-1.23627311888329,-1.28007411703862
12.040805763722,-1.2847157223178,-1.73144755530433
9.69873585084552,-0.573973479297987,0.632596299647365
10.8786671185181,0.617985817166529,-0.183935441172746
9.05138169099505,1.10984813892972,-1.10962301586411
7.89247680905451,0.707588353835588,0.216225411837344
9.08210495772946,-0.363657297095253,-0.0724639000224322
10.5474692085732,0.0597499373846007,1.38666044247041
11.5216978451379,-0.70459646368007,-0.956050367838864
9.12825915373322,-0.71721816157401,1.30268017495169
11.2256017929602,0.88465049897692,1.34068796511706
8.82449047203677,-1.01559257860354,0.354555868333773
9.91524538265104,1.95529396549246,0.62512131243173
9.58658527771343,-0.0903195939658516,2.40850808291511
11.5266358641464,0.214538826629216,0.442998581217453
11.1532176107234,-0.738527704739573,-1.69416143654812
10.5354459701292,-0.57438868976327,0.00894918372586917
11.9433963770389,-1.31701613230524,-2.09295213688467
9.56792207153123,-0.182925388372727,0.0980271900269629
10.9191073397701,0.418982404924464,0.287264199272613
10.7287856630234,0.32430434416138,1.3439818624841
8.65932766196129,-0.781536487054751,1.11872794221012
9.21062921531575,-0.788621970854002,-0.620415950328155
9.94592275024479,-0.502198718342861,1.0550095092036
12.8887082595908,1.49606066984635,2.67235344459194
9.8792959403812,-1.13730362066574,-0.852795815175519
8.95887655480619,-0.179051594380198,-0.241930163689432
10.5190796332616,1.90236182167893,2.10195927399315
10.5097137330113,-0.100974885328808,0.632560527279531
9.39172338694944,-1.35984070382139,0.368854608533586
10.2745355041237,-0.664769435274062,1.57229957691053
9.00285633048389,0.485459978904878,1.12981310902883
8.72574139716457,-0.375602871669773,1.36389983434049
9.76433318817039,-0.561876363549783,0.841967280562303
8.57415279039252,-0.343917234128459,0.761661772744625
8.25450361249884,0.0904966471392212,0.931332761754023
13.532092402879,1.59850877114583,2.59057769003099
10.8069066383707,-0.088565112138884,-0.546542429780096
9.03015100473814,1.08079949615152,-0.0647829810817359
10.516320161701,0.630754115650567,1.40732306122249
8.90098047594965,-0.113639895506141,0.323490388113816
10.2721478267976,-1.5329020028906,-0.192445789760339
9.85881895701997,-0.52111731755252,0.980718718395139
9.03624162669426,-0.489870453138474,1.00835982127984
9.28883069601181,0.0471544327615272,0.260906713018986
9.77994402548264,1.30019867766682,0.837555469836308
12.9819160286843,2.29307897383109,1.72013809592342
13.0013287637848,1.54758105898377,2.33680831878663
10.4778308333165,-0.133150964328944,0.859445004514532
8.26606312418345,-1.75652739555764,1.05474381304438
8.17662403524726,-0.388779864071743,0.297973197544156
10.9483507573264,0.0892072230732945,1.6702712167574
11.0313833286158,0.845013004067436,1.80550881305096
11.1423506756365,0.962527968484271,1.59334744514221
11.7819690202806,0.684309429416465,1.2568554214867
9.20458822140889,-1.39527434979947,-0.477519572042252
11.738699039945,0.849643045633355,0.815784013647446
9.53037108641006,-0.446557216427222,0.506116887494856
9.48716312249764,0.174802700161256,0.636290240759914
10.152995496321,0.0745511771737346,1.48050005697309
10.6832600636033,0.428166764970505,0.604766259298822
9.88909665172707,0.0246749828261399,0.441960569825242
9.45117847719312,-1.66747509758566,-0.818056636358496
10.2067961423036,0.736495964773442,0.729911653843393
7.7420091715671,0.386026568349676,0.624247641870993
9.33416446287608,-0.265651625278222,-1.94656158653853
10.2590307526756,0.118144511046681,-0.805759441690977
9.97619379989793,0.134038645368463,0.494532412732273
10.8176256900423,0.221019468561002,0.345225959416002
10.772062461609,1.64084616597749,0.119553754781307
10.478885803816,-0.219050378933476,-1.60106336550976
10.7380834176151,0.168065383884658,0.229663472028902
9.74093831023573,1.16838387306909,1.73768770222882
12.145670532284,1.05418102337692,2.80032914361602
12.5436296999462,1.14526311038036,1.03417476148084
9.31052523110139,-0.577468001059557,1.70445084009794
12.5561335923086,2.00248273029283,1.58426352278238
10.3014808412834,0.066700870930183,0.648882539724651
12.7365449382135,1.86685184470686,1.75825123570218
10.0902153113548,-1.35090268603071,-1.04602858827627
9.45036713569532,0.0209835863542375,0.458773580282235
11.8744245575825,1.24991457096922,2.03340498427686
10.2320212914813,-0.715242187222796,-0.607346880463587
9.774306301818,-0.752688968217742,-0.197950553996832
10.2383714589405,-0.938538703606894,-1.1170401022627
10.1990572519114,-1.05251327933874,0.328095556779986
9.16697875316463,-0.437159533180399,0.706220015798823
11.6531572362091,0.331179172958982,1.31393693770357
13.3931416083376,-2.01421049792072,-1.72691528047726
11.7166433213065,0.211980433372292,0.71322525144091
9.81186937963678,1.23667504641657,0.17427983155844
10.2314792042697,2.03757401824044,1.51840236040419
12.3050116839039,1.30117599220059,2.49321191610637
11.1727662026625,0.756774763795962,0.374862094963705
10.3710547119267,-1.72673039911433,0.35331812138166
8.7655594108669,-0.601506708006782,-0.550421938087086
8.84794119903437,-0.352046456582617,-0.154551438741614
10.9161368307717,0.703523902756894,1.29048370196506
10.5813797484699,-0.105671334003774,-0.231947937459755
11.533713083124,-1.25864862806017,-1.83228914917552
13.702300092813,1.68443570809411,2.60738628926039
9.98609378287771,0.911391291795963,1.31605288377783
8.7223171261784,0.237430272491026,0.0350756956854232
7.39325821560095,1.21810861032581,-0.885024482167695
9.55769060535406,-1.33877428723497,1.73282262778182
13.1329386583872,0.6608202977898,4.22078097016644
10.2561485028562,-0.522912376313422,0.446024219198746
9.92592509782384,0.683745521850712,1.69167940843655
11.8489436844196,-0.0608219546600742,1.69414933474412
9.75237730852275,0.632960713031451,0.114675922977117
12.621169491937,1.33551761505939,0.816562577973156
10.3029761905757,0.00729009031689879,-1.22347599148675
11.484997009149,1.01755863695209,0.272201086204174
10.0035362461341,-1.18843403514798,0.528192765312125
9.88755179234097,-0.721604440436015,-0.151518209458878
10.1425462302065,1.51921771138818,1.04539732151101
9.70316459742167,0.377387973023929,0.576134435009448
11.7218930797897,-2.05222282043373,-2.38977839271247
9.8296534434265,-1.36403745208238,0.655611208190483
9.84272199104003,-0.200781015589121,-1.04388339672998
10.3670203291273,0.865779404334488,0.724319539751596
10.1748615455834,-0.101883255715222,0.0104949100835584
9.84197429552601,0.624187472020653,0.593499919154128
11.217588577463,0.959005377787825,2.4394686336297
9.49163702975574,1.67105482886294,0.7534674965161
10.7937106651274,0.0560167332749619,-0.255089229074415
9.8597824965702,-0.051981906180899,-1.04564494803429
10.5410296364445,-1.75323735914227,-1.18231676118238
9.11509119320545,0.0993275940878275,-0.616520910323825
9.64159394350161,-0.571850057895563,0.622021167300514
9.05977285248998,-0.974009582804091,-0.850009037409922
9.01129528537295,-0.17990623104754,0.714088919504366
8.79170677988658,1.01494317274366,0.861044098523908
12.3193755852783,-1.99274848868858,-1.9299364242551
10.0901139086483,-0.427279287205429,-0.504247429325412
9.26775251326129,0.116637283582706,1.44343109684903
10.8385961570578,-0.893207570054953,0.956472300927091
11.6386688649497,0.333902942499225,2.67252474555024
11.0683917990759,0.411429920615731,0.702134651908084
9.58517883197949,-0.0330361592759917,-1.01234489362014
10.8813729558021,-2.46589819376003,-1.50136612389517
13.4191057602195,2.57145814586664,2.19421757777347
10.607821914314,-0.205299257468199,2.29748670616062
11.3567851815884,0.65119328158767,0.935605764233558
12.2155783086225,0.273766491036548,1.77727007064674
10.861653799549,1.02467323481835,1.78041792210144
8.90835484632725,0.817659446374088,-0.259261898930289
10.1011816347561,-0.209793171228509,0.223990762120887
13.8358886297131,0.378167772208507,1.99434542245194
9.23048436785886,-0.945408831123893,0.903391694033967
12.1063538556931,0.856923010899318,1.39225764701746
9.68801249489933,-0.461038338884354,0.746595075934702
11.4771144545659,2.41677335378821,1.2169813766847
10.1534092583443,-1.65104889568819,-1.6449097611883
9.69233679094531,-0.463987242966015,1.5634321693483
11.4133642056858,0.825379862759242,-0.507529560287308
10.2692053031771,0.510132546878663,-0.183829646266498
10.3493461595896,-0.589481038515,0.83422447326234
11.1152041204453,-0.996780742207522,-1.26058492049336
12.0917338712309,0.144475704710697,0.0203674390825566
10.6411331809344,-0.0143074131669134,-0.689953213365934
8.23709036792211,-1.79028123726406,0.22552293909692
9.17930798763201,0.034551067133851,0.963588550205021
8.72969998957027,0.190230315692457,1.01699985111992
7.46486052934193,0.174726396981842,1.02982797063656
11.0117387682689,-1.05501704260268,0.529737225077598
10.1572925752877,0.476133278302629,1.37742313112183
9.8397398177264,1.37857013695924,-0.779376488194602
11.4752511554789,0.456236403179813,0.579301840230038
9.3581792453391,-1.13558847037434,0.0446695773647291
9.80352292198323,-0.435645469691905,1.00685346780181
10.1929559074521,0.346103619553607,-0.514434266228482
10.2010877221263,-0.647045631318269,-0.323123005475047
10.4621456603105,-2.15764633501528,-1.6524661582588
12.103084162269,0.884250820028209,1.99936562272378
10.1697123609924,-0.829477611624518,1.36433377739707
9.56733673541812,-0.573560270768283,1.00089658997509
8.95613635136532,1.50390060900454,0.0295469219252766
10.4502456738039,-0.774144929605405,0.564879651933951
12.8034897269478,0.845731540189296,2.07331495647556
11.2382685647717,-1.26068287881878,0.0375995413270714
10.831648579371,-0.354542403073978,-0.243380534432959
9.40783896364729,-0.0735560191364783,-0.622896250179589
9.63988944821117,-1.16865142442436,-0.749628507772334
9.24350015854026,-0.634748264908909,0.897474223494884
9.59542405914908,-0.0288415529283144,0.053918123153915
11.3453102771114,0.67069596873393,1.06296292430705
9.48503178764831,-1.65054654342511,0.96967252395775
8.13136145254899,-0.349754239211268,0.903457820863821
9.51189113810117,0.756406438545484,2.24287600074628
10.0253780435157,-0.538809159977592,-1.4709843826492
10.2771025350135,0.227291921672942,0.332969681122679
8.10362852878484,0.492228570064431,0.811182304524409
9.61521352416264,0.267835015331683,1.21250679927436
9.9124755798988,0.653257679471382,-0.342577781793279
11.6221054106397,-0.12270866097738,1.2448305249586
7.94165689275834,-0.41367651359212,0.600551819366273
9.10581969777977,-2.64314895202898,-0.557768462409772
9.05809661380948,-0.092941018479472,0.96201428236531
10.4670051060302,0.430284696359987,0.598783908302999
11.1763090533587,0.53539884086815,1.69324551893319
9.55619099719934,-0.555278351313252,0.870590598074864
9.91641438888638,1.77950290977515,1.23954208071988
9.97591840485663,0.286424419628825,1.68358922915511
9.67733421138369,0.126315858458886,0.855716614175625
11.4337698303815,1.27226677946852,1.80488478917372
11.6232365634924,-0.718466221319259,-0.453410752283851
9.23149992590515,-0.450338623924712,1.85526252502356
12.686483178553,2.39745248004976,1.6947372956749
9.57392721155768,0.011129187220888,1.35340736250392
10.1602174846872,1.63356842140831,1.21666768481146
10.751144007781,-1.43850664491452,-0.498883229437861
9.05487623850367,-0.190516802042901,1.18917984425856
12.4245493718444,0.378423903636832,-0.895404692772759
10.5175234364108,0.300038545205798,1.12838542039693
9.84136429790462,-1.00563625951084,0.390748243239396
9.47719327439753,0.0192592746253708,-2.18569973181183
11.6242418568344,-1.07742065311198,0.329667001977266
10.0052272952212,0.712703325244282,-1.31206608472486
11.1211729470805,1.08477508986065,1.70219192182304
9.58440178169359,-2.22498769648741,-1.0664075816249
9.43071706963628,1.23569346230014,0.422909905915178
9.14446755466695,-1.24104449680849,-0.127368551576911
12.1581197204063,0.454769268982633,2.10043667947531
9.9801521815421,0.659902638142608,0.19462824185341
9.31868101356376,-0.199889828101433,0.95815837989806
10.6639899241058,-0.645113956859792,0.518600889991981
11.1930039005971,0.16532102124205,-0.596858118520532
8.9208764810267,0.438818700714454,-1.02161266697674
8.96906422325645,0.883302819948705,-1.05093436126479
10.119308933901,-2.05233698390195,0.0251057195169127
10.0496963523743,-1.63637926805902,-0.352931695560811
13.3552056288514,1.43040234118818,3.06577287420471
12.9739869731147,1.04662884711155,1.59698953181882
10.6377333840246,0.435288948907682,1.56734036553645
11.0130359347497,0.71517840711106,2.19197278889048
10.8786783129087,0.917174917641003,0.457868360855528
10.0467217281081,-2.66092279846568,-0.320363471004351
12.1916278517323,1.11027709663882,1.92393181856356
9.65839871792555,-0.484987596562325,1.62685788972187
10.9010666432145,0.230616830631202,1.37795956164197
8.44729481177655,-0.295157800883577,0.773568272595544
10.1441933277155,0.871964954078744,0.0677584297681487
9.47612590197618,-0.348472448955611,1.05532413647989
9.43974370182304,0.518503765888248,1.25951775536241
9.55223526723972,-0.390684978638979,0.938907764387421
10.1320387380354,-1.09278720910151,0.377251441021504
10.9403983658677,1.21001051044026,0.903167210510128
11.2202738220761,0.740900011274274,0.793584107203123
13.2901581333167,1.72426223915645,2.04949523285974
10.9987620933214,0.0651539325793032,0.704208473214192
9.96521092608548,1.12500274582817,0.232392798587098
10.291727735055,1.97541905401908,1.19755040720387
9.63463612817826,-0.281482115038967,-0.959866781695992
11.5581389327751,-1.32295111275522,-1.12850745904652
9.87352195215677,-0.239351567138116,0.235713146295424
8.21065395380238,-0.214041239985383,-1.40515317636762
10.199623211627,0.15168050450932,-1.11270222233692
13.0498306136191,1.71230497731928,2.45871768809573
9.55793093821004,-0.326143892505348,-0.239690870464114
9.76031355225187,0.373004655804915,-1.16518940164903
11.3701657813736,-0.227684064895531,0.27329472812326
11.6862257251699,0.0204507085250325,1.83129462148403
10.0461309869922,0.314057663506262,1.31928312868777
11.5308025097561,1.32821469603699,1.60549054637213
9.01273791129139,0.121318377490778,1.74440510102523
9.39078203454106,0.712842320031113,0.0849197189146628
13.0404838582914,0.778860029783535,1.6191192062438
11.832917953999,0.914773270855634,0.370301019648957
9.69468336665943,-0.574394552184383,0.213566910270322
13.0455460999878,1.62688121419468,3.52790592643746
8.60745877542009,-0.380956739294013,1.27895602606225
12.294226565224,-0.105784167649752,1.21511562989234
10.3395520008616,1.40405026771417,0.0936972220389259
9.84107732818634,1.29408390614558,0.360806033078077
10.1965806623363,-1.08999187241124,2.23912054405598
9.05669990298073,-0.873071000417463,-1.02983626418204
10.5737792047012,-1.35807905937061,0.0354398455997658
11.8906386219152,0.181847192619832,1.48349465594699
10.258519427524,0.164840867918466,1.60117840630149
12.1643806714392,0.364114687355063,1.77116935459677
10.9885796750844,0.552157714218558,0.612949867224064
9.32378502033747,-0.601892845985016,-0.621933120112506
10.5652166860061,-0.993698591098714,-0.304106528537997
9.47756065793995,1.0267850560749,0.111294519497989
10.4059140811479,0.751061302606323,1.50259939441815
10.1433254204388,-1.5091665373287,0.865771759761756
9.9080687481626,-0.0951474508492868,2.57963982706888
9.78228991060084,-0.895947822756499,0.41814047155347
11.9899435747964,-2.07075107054196,-1.41015691246467
9.24939979989749,0.150120131188143,1.5995349285873
11.8063352515474,-0.0792117092585882,1.36515303906602
12.0644587944986,-0.097369267513081,0.213066670340633
10.3434922447964,0.216152541801233,-0.949778632971698
11.6019033997852,0.882465164396587,1.70254247759221
10.0485683068877,0.205597504483387,1.73194314788332
10.4404995266665,-0.616435842873528,-0.103325752142698
9.31257380497072,-0.734799251921281,0.668843192397385
10.2962050280691,-0.131802793041181,0.158208128728899
9.81913697583598,0.310016986578952,1.33732373842699
10.728295719142,-1.03968035270204,-0.13713089106587
10.6797505262823,-0.184308868842384,0.0631697016587461
12.0884782896494,0.967267260167914,1.09525412828117
11.9950773295979,-0.108280091234486,0.162454639400461
9.34940259058222,-0.69842066759439,-0.44022749825148
10.9414536490335,-0.27594516842554,0.0460904845448321
9.47876092040635,1.11464854536198,1.04917212035545
10.0642378664258,0.550043961214136,0.982517121325542
13.2383528817663,1.23667580008161,2.65076152166664
9.06299507847181,0.139097857161771,-0.788448902372598
10.5914727342746,0.410275096490425,0.50551849769227
8.97618362383313,-0.558456912348133,0.85229467160676
10.9794265757857,0.605370668930333,2.56470623790803
9.87279658545106,-0.506333542189239,0.672847591520875
9.35994647597699,-1.42056550469574,-0.224036168823272
8.13464635215043,0.127992965684126,0.256439573245704
12.6512662735382,1.94585121773144,1.88723377297401
11.6895644125619,0.800914339573062,1.88951508998292
10.9566400433063,1.16525338994626,0.898768384427078
9.86706734760643,0.358855723093152,0.843189268393133
10.7963165709337,-0.608557178316224,0.412657754986272
11.168863276795,-0.202240855110284,1.12815720665451
7.69246841317505,-0.273248106811925,1.47475635361873
11.0589906641953,-0.468699779782087,0.544810927048587
8.71923783979542,0.704167283929716,0.775912970417678
9.01902916084046,-1.19736350236541,1.29598138102587
9.67251943146587,0.866366132112773,1.09771718366197
11.0427754666853,0.864152486225893,2.50992822190643
11.2614040065122,-1.19862235906875,-0.161233837153924
11.3436062954874,0.639491997900534,1.43366896314395
10.9761099015789,2.43022665234451,0.169024731927015
7.85771775329433,-0.557215481941608,0.109000297691788
10.8414319880441,0.844904241408072,0.90065758074315
10.6746927642446,-0.782201845619403,-0.649446340226247
10.9867196409505,1.1107114182028,0.0194628246791014
9.56284554777657,0.249824719926562,1.57307166251509
13.400999281798,1.65191539162316,2.2401164297393
9.26806587392338,-1.45897072853692,-1.52821735911492
11.8903077298387,-0.0512978861253612,0.898729851871661
9.2042669211502,-0.526925176125598,-0.876007908017885
10.6794388187678,-0.197264869076299,-0.649705660719708
10.173381494605,-0.629578742686005,0.710623076923353
8.98380720461288,-0.833843580535001,-0.602945790360554
12.0745841649847,0.57872237461645,1.78284116943044
9.92642943182028,-1.08758071407693,-0.00526675796311815
12.6418692726534,1.48403093155628,1.77816444156387
10.3420100172535,-1.18620658531375,-0.616729990543037
10.7281106144587,0.10107915139528,-0.600681759245953
10.859272115416,0.532989286826481,1.681246884416
11.6827809187974,0.586735339092625,1.03143916110903
9.62305129617342,-0.30174666386638,0.110058908612103
10.6812435965748,0.079501995328401,0.608986324209937
12.0446033306298,0.961264151809677,2.30654041850408
11.1875679832733,-1.45646591707643,-0.926399593158285
9.4229933607048,-0.781739711532082,-0.640278300229222
10.2243508910873,0.32040231431661,0.0405861044509504
9.40463030499849,-0.444781978336992,-1.30738225737836
12.8197398973708,1.370003993971,2.00463013448924
9.98282628344538,0.673253863354836,1.02899657842166
11.9149256041308,0.0721667524147558,0.743255350425307
10.8042230157812,-1.50775731753668,-0.297226013116027
9.98951768846181,0.0261002253262418,0.00288967123901102
11.1544267199574,-0.316415868196993,-0.48162654787472
10.0987508451949,-0.102346513520598,1.30068314653237
11.0379050765242,-1.18155922705569,-1.51696428644799
11.1125945738511,0.498658043829925,1.18962796388037
10.578587814943,-1.03895644030703,-0.8120898709112
9.43875962971488,-0.22622198144241,0.669199223824262
8.76777140866048,0.381425829451352,-0.0499776074644769
8.31964633225747,-0.783515789013048,-0.415099577190554
10.8606552632994,0.582991405680064,2.56086161986704
10.3174194351257,-1.31651040165169,0.510027418107666
13.1546316166355,-2.80977467896054,-3.04978436375593
9.21460481728189,0.464967990785852,0.858896411493243
12.5311013533778,0.840539826961,0.468456977223275
10.6289303434792,-0.285845423591384,-0.779548899573361
12.4318472006649,0.504126254591608,0.961849017726998
11.077788130049,-1.15591652508367,0.0520072534775265
9.3906289626223,-0.127148606825662,0.107919124019085
8.236289528895,-1.94151837604062,1.50194437931714
7.76185461524352,1.18118089143852,-1.1580996210973
13.489400992859,1.85991086154316,2.26817481805007
12.2823284310789,1.07401226028199,0.747982859678422
9.28972180820546,-0.0273469664137418,1.14283992737251
8.79984783633537,-0.0333303422759193,0.0293371282233581
11.2064594027791,-1.5160676231511,-0.851898374020648
8.077366173427,0.790385343888228,-0.815186994450512
11.9180626859953,-0.210734180691776,0.185184481381374
10.1662290547633,-0.656742925361075,2.65037433867655
7.74734546840938,-1.41202579265831,0.783689311800215
10.4264677456351,-0.299762496646272,2.02569090750369
9.79789287563093,-0.849061135016708,0.990434750805687
7.4940299736112,-0.397030520327837,1.44574744779794
9.51176353500965,-1.2175999877636,0.794076420617308
11.4803561856082,1.6875894829457,1.81918717323795
9.09372110169667,-0.0160025272079689,-0.0905300376009923
10.7182941006499,1.07494507727239,0.504537801312717
13.2346201903099,-2.60169967025765,-2.40168983150411
11.6745716228714,-0.453197829994837,0.267583371122589
7.1537161229811,-0.675482291592071,1.06161453006068
10.2425836137182,-1.22292617936591,0.920459466843117
10.5342160737275,1.54660915422409,1.36843728156747
11.3982072388568,-1.41528191976949,-0.755268577106656
11.7964182223135,0.318390260408025,3.94971257352254
12.5640828855638,0.846436285579692,1.65990367404027
9.11604356643859,0.178190188418023,2.00967039908815
10.472526657538,-0.875255477495516,-0.275308379415082
11.0146784842422,0.941165806724167,0.932625276307489
11.3598868878547,0.170588081840838,1.03390113862715
9.11682986072259,-1.06349790638204,1.64477335875727
11.2549408781402,-1.38804904760206,-0.505499069257158
12.7440098633734,2.08671743449315,2.39697438402964
9.77223404261765,-0.678503145418437,-1.93406620702945
10.5203311856854,-1.85557165391804,-0.935040261040653
8.73891614402192,0.533259362753652,-0.525379395386488
10.2024646212556,0.310230256060895,1.76847784538755
11.1374257306613,-1.3538343357226,-0.341370256141556
12.1224333212279,-1.94295641358195,-0.861852288797717
11.3595052058439,-0.116302517158606,1.81094858761927
11.3716122827262,1.13939629170942,2.18597100409474
10.3406684718978,0.636124035182149,-0.079959185876423
10.0175322294849,-0.492937424161977,0.681397775528658
8.90624341168058,-0.834188231584378,-1.14553868430444
10.3381728324527,0.271066756750545,0.159918354164094
9.80320817609481,0.157353347216158,2.19525431075503
10.1684871808915,0.629711746692728,2.26498382467681
10.6888904640696,-0.395797950288896,1.41111978032239
9.62808372574191,0.899354053203099,0.378773140271226
10.1599191933217,-0.830811527336248,-1.79683723394368
8.96402502278903,-0.330544700119963,-0.84097053408414
11.1698576601531,0.740814523725905,1.82296378649047
11.0809041674305,0.989971608627113,0.704417918148469
12.333259658081,-1.93850470145338,-2.63186049629467
9.03015546914989,0.107190407016153,0.373407715791614
12.435955640487,0.60877901173463,2.21462872699189
11.1282373229142,-1.45082431349063,0.418056483774219
10.3853315393943,0.480625599875217,-0.0809457435918133
10.3872301490387,-0.828174270396797,-1.46000378726342
10.3097327175493,1.02025301216443,0.183579280445426
10.6885553846831,0.538482032102641,0.803768687372843
11.4894597786684,0.769052294995609,1.77259984840986
9.78970843811353,0.120719329287034,-1.37958049014674
11.9754207686813,0.863648434157753,1.955025972353
10.8667768668267,1.38051452831454,1.19571499074529
13.7548085280671,1.96624801545563,2.05290297733365
9.742562011845,-0.028395054749065,-1.1674530906094
9.2131296987655,-2.2490510903324,-1.29117992528838
9.91800245051722,0.0315260045939917,0.0675288130314721
10.9661569022475,0.205561208449975,1.64667195253402
11.3919330931589,-0.155345347144399,1.45050137382322
10.7073248714404,0.568288620777075,1.21923476963687
10.0016167568602,1.01067796451426,2.60955116388102
9.96922085478132,-0.517982430167822,-0.274402414829277
8.84368440630049,-0.29409532715611,1.36548953019587
9.3281556597099,0.397842208800339,0.662981074609451
8.95258411978991,-0.550223741489138,-0.442453966920978
9.57073907957737,0.0912673834882354,1.46901373007496
10.2379974061841,-1.9617075988853,0.900246531406849
8.76193395735944,-1.11989972139762,0.818300555486037
9.7404818353042,-1.32775547560413,-0.673281193224326
10.1887645534177,-0.853623696727242,-0.39659948251872
10.5965210981782,-0.693304527930666,1.53102358284067
9.77988056565861,0.38230514254637,1.04397897769093
10.5301459663833,0.982113002522641,1.82063048058244
9.44177611465421,-0.727383529087535,-0.202393748208074
8.35180834378229,-0.996838982378005,1.26261544527565
11.0820368657466,-1.04168885898951,-0.829599574456948
7.76988635093485,-0.414588726363674,0.918057157684794
9.41325785798697,-0.239029068152564,-0.436689499644394
7.84697211636867,0.483617533838269,-1.72076624966663
7.97160275332615,-0.32132484216839,-1.00361993176387
10.1589824216481,-2.07848926886002,-0.40294943521985
11.7354001429473,-0.0914342755501383,1.33720561185076
11.2314057665619,1.18718681065156,-0.657708677769037
9.43253837216714,1.19160126851033,-0.155623834664363
8.86045483854816,-0.78896321811123,1.87006438751987
9.71318705716354,-1.54777654363757,-0.707787621642049
14.1494135824414,2.45806049186527,2.23473037786324
7.40921424970803,-0.162421942479419,-0.10814629261703
10.2610536590903,-0.0974512501056172,0.152691489795687
9.96373383798324,0.420574188698147,0.797531300954311
9.2743705347135,-1.61403945661912,-0.296057885510554
7.93035810777937,-0.728219111191288,-0.0566697666377088
10.0621031175975,-1.54044240529001,-0.740017687788744
8.70580149275876,-0.693094614010595,-2.89440819680402
10.6264810920056,0.118849433004561,2.42808021683598
8.19296745882181,-1.36470945798691,1.60806947924958
9.9538058939524,0.589982679367313,-0.306090402035576
10.6541969258218,0.289344028817336,0.4765644922987
9.04704843791178,-0.904215025620639,1.42316779190217
9.50488048332531,0.226324942381064,1.61145249424273
10.697621785757,0.748081162493843,2.15064219999269
9.40861797746635,1.06109525326174,-0.0411992915289254
8.76343862328071,-0.212848278646528,2.9708439568747
9.10581197750297,-0.0936367939110456,-0.68027835672585
9.98754900636148,-0.0867141349819251,1.21055927439233
11.1773546364877,1.44146175605504,1.36200685847321
10.9444271528376,1.12507189227799,0.658825628176966
11.7072371946298,0.834401567757039,0.5377849856975
10.2691638695787,-0.287340799840693,-0.635067212451349
12.4059268059792,0.373241434166406,2.30928051284001
9.71016801233212,0.403290331220696,0.791158393373099
11.1700196228734,-1.04167329428932,0.238381302069716
10.5232028809856,-1.72830451532074,-0.154519424599337
9.10466899529027,0.641830027651616,0.445744260764942
11.039010015791,-1.52931053118042,-1.39867651034526
8.91402438791981,0.00168368848420991,0.754568153926066
10.4948059428085,0.250247821348331,-1.46851553928476
9.20982558049008,0.563867390305883,-0.636633247682673
9.64087396772435,0.189426237514811,-0.481683576180975
9.40446915618048,-0.732853806297125,-0.945105765820916
10.0092172049061,0.986365859895462,1.10037174651481
15.0495264715745,1.73863376690625,2.96780443177787
10.7117534192295,0.881178808925443,-0.574734739602245
10.5102926879478,-1.94365090132398,-0.0381494300653763
12.1025322750124,1.39957618540294,2.09933284602251
10.6417223475265,-0.056055946186268,-0.51756017538201
11.0423904925641,0.52491427931929,0.709657738137166
12.5010457491081,0.62203323587106,1.63462752055759
10.8701183598449,-0.0966860732067051,0.196147860849259
9.82552652720297,-0.0752631976487263,0.241684053924424
10.8217543465153,1.0191570693309,1.31730532587607
10.0453872009143,0.711601922486244,0.795787707909851
10.0407826614953,0.990262246044231,0.439478233082898
12.1623402630597,2.38292669523033,1.55284832815427
12.734292270148,0.664415863694087,2.71504772423351
8.14103857113012,0.207381157385307,1.47735925829868
10.4530938306726,-2.21063311057562,-1.51991362811543
11.0652570279871,2.69171400324612,0.600939379291738
8.67266234879468,-0.482676821796308,-0.101320651580762
16.0410711192987,2.37473471509539,3.01614205849568
10.1830917536378,0.374643568004988,0.980000902419447
9.58715785962128,1.53843019889679,0.567709862607735
9.29007745197272,-0.109710321176239,1.3273794072299
11.2071759809236,0.511470754698125,0.622364988626171
11.7327101819795,0.213957979642262,-0.513699509470287
9.94995716993403,-0.186120699373496,0.868132104525041
10.3695551254896,-0.120393824622494,1.96394589786756
10.17061460376,1.01283433584425,1.44088546605496
11.3551949455713,-0.2014581469715,0.591271297653179
11.4810962326381,-2.0376824944408,-1.17508437563746
7.75019765017072,-0.195889248829828,0.970453906454614
9.26746063550314,0.539790605536274,-0.300675232122249
9.39811560261501,0.61645571635144,-0.844921166305171
9.34229829824689,0.616567817477434,0.764931140244963
9.80348118996618,-1.69210152086908,-0.380644266233579
10.0755442766687,0.368742058011194,3.04942656100841
10.2971365269795,0.967859209947064,-0.232417702918367
11.5607874021475,1.27657868146766,1.30919566408287
10.8928614096618,-0.224961271044116,1.19257245810014
10.4385377264255,-0.321892586182801,1.38964655102448
12.9069333727572,1.48783783187804,1.2331944312797
10.1299881470434,-1.66792804577932,-1.07722016431891
7.79903966269096,-0.436829976913125,0.21580095967345
11.2154686404495,0.457462079357455,2.66848703161589
10.3822151897515,-1.61777376538123,0.17385212548522
9.14940308263684,0.279627862431757,-1.4046631413422
14.8487317747923,1.87786402105219,2.86239113917635
11.2999486420556,-0.00406065343634058,1.03847233419691
10.5295328918214,-0.278454024963586,0.327201215680682
10.4320557674395,0.474911714034054,0.719592235906928
9.43333033625242,-0.279072170787307,0.210674194812943
10.6101465277739,0.813400374079065,1.16325966799478
10.8520437356024,0.904435464449695,0.448350799187831
11.1247849076165,0.00269166123012091,0.778357082275069
9.98221344100133,-1.17669215774973,-1.0197021036956
9.12108438108874,-1.31822072745909,0.0410365115452128
12.2898601630411,-0.592997365655317,1.31033873783879
11.4411890468863,0.797380500549836,1.40789636392872
8.4684492950072,-1.95820517465693,0.55464708912265
11.8823812288018,-1.88632515873255,-1.53403134116889
9.96738993995086,-0.653779824760103,0.227902872092545
11.3883239843397,0.394394847980585,1.31444772671235
10.2235884816479,-0.913566048164992,-1.02478789181578
11.6445940243863,0.886749037096059,2.50918885560649
9.98896343146611,0.333369970155182,-0.36812302590767
10.4621394755682,-0.17063961823861,0.579198899386535
10.1185355673254,0.81882813653178,1.06124639862097
9.70506828162869,0.388365162819368,0.815852883376538
9.76909747322673,-0.445935027212156,0.0666079027504538
10.5306375933091,0.23111493441816,1.06549425435528
9.63874365324299,0.647513357977592,-0.207407812908667
10.1214841925949,0.356283344862047,-0.611222515792199
8.89484704748057,-0.658010207949479,-0.483573742087985
9.20074857152164,0.855202205064192,0.870276998684316
13.8189720273729,1.15293622555862,2.33321593313635
11.178059993388,0.276274556543337,2.22559141813621
9.85992617981966,0.144104662462187,0.891533793775839
9.84933002926254,-0.075625080779838,0.843779082303229
12.7136473441297,2.16141584630279,1.33706303951195
10.0493582671127,0.276315532135793,0.686210850120931
10.0574033400457,-0.158294028699944,-0.983692875451764
9.97354605425885,-2.50791780219725,-0.464025172202863
9.81879431060561,-1.56528176503053,-0.818194464809011
10.7226831236473,-0.0776732006105648,0.795842172795266
10.2400829739859,0.206294044843098,0.257165683267047
11.3216551284469,0.276872458861614,-0.0231795054056398
9.37917652488933,0.821506780448618,0.691642013422263
9.84898455333641,-0.194152409320457,0.0360188847060651
11.6900293481516,1.21458879448256,2.20187260508365
8.76820071546705,-0.921516042869578,0.248450061002339
10.744320681643,-1.20844272044307,0.328270065931682
10.3314834626797,-1.22898617755381,-1.35534667457768
10.0411343808044,0.742297024186518,2.36797022172128
9.49753092209885,-0.082919942339226,0.617910469991149
8.99662811163494,0.789817921820499,0.0386275575069963
11.0569797482654,-0.267706421557085,0.675193434668279
12.3806223681196,-0.591892102212813,1.07448797873847
9.27255151781546,-0.368352575126506,-1.06785342586481
8.804600785638,-1.85261682424173,1.2637985579097
10.2562195526123,-1.16961526041411,-0.24283833538542
12.0957604095097,-1.44203464635845,0.90015345746942
8.57588604488565,1.05432227197535,1.09942245507659
9.43924504784701,-0.5973300913628,-0.131087890248124
8.31699202704844,0.78945985279018,-0.940190120231774
10.075497042197,1.51649060169196,0.158073082258788
9.74269246674593,-0.191774809109942,0.362772295527598
9.80115895678944,0.283878906352351,1.46979199829332
13.1838721539509,-1.75106751939608,-2.25721241385261
9.86829117609296,-0.818669777519803,1.46610622356434
12.838792195713,0.0562148493828386,1.92709788899439
10.6809302662171,0.299086903336152,-0.493772804242864
8.55225810567303,-0.759398117298882,0.592601503543669
10.7624966813814,2.6848589992268,0.808790286259188
10.2229484585606,-0.458390139092389,0.145604951765522
9.76760531443658,0.0642435566300379,1.4607845171617
11.308041346992,0.649791867153518,1.69323558127553
10.6622457598577,-0.0260186347739953,-0.362183921020476
10.3821477133731,-0.643567387027114,-0.208420147989123
10.0035133283327,1.04530566396331,0.0464892609844869
11.1781359522878,1.6155453232072,1.64731632150852
8.50886999035444,-0.0296939710498354,-1.07392214995869
9.50789433953516,0.562267345403066,-1.84819176884983
11.2032457615039,-0.0974124985026302,1.92110603262154
12.3461670255772,1.01645521770216,3.28170052184581
10.8395638494066,-1.15616739425985,-0.533117237368755
15.7539415709113,2.32086022399448,2.42153259909213
11.8540582376824,-0.603531247788338,0.19073159239611
8.70013453846468,-1.45884941443809,1.24488909249695
10.5331839436478,-0.35091782719307,0.878685018972846
9.52486143377095,0.146708484145002,0.777018207188652
10.359094084213,1.62362120768023,-0.487325847925758
11.369247967319,0.91120967677132,2.03856051918341
10.3516057227545,0.142458432045787,0.220375600976038
9.7927490731079,-1.38948352398816,-1.59823184670911
11.1501887058287,-0.866037744672114,-0.134815537249387
9.93400215594969,-0.163284932229294,0.29157937409305
13.9963601543752,2.55302611346059,2.83571992939645
10.9037198141297,-1.86022757421841,-1.5975098193732
10.5783026948531,1.13105465184602,0.507883698604566
11.4744326695574,-0.527234257233921,1.7245027997662
11.8363488935725,1.66599089998742,2.69166121876374
11.9408709723924,-1.1392006399734,1.09361422391566
9.84809648833878,0.143623234662747,2.23333556267925
10.0107334875054,-1.09955094170275,0.154255508978521
8.27327903825652,0.903516426361675,0.369874526311063
11.1865816443036,1.48377948873809,1.79709380623246
13.9053072741338,1.95072100640115,2.5340836290265
12.5684794532879,0.797600657589519,3.31243360026581
9.9854603787226,1.84326625457782,-0.543349205422277
10.8074494925005,1.24642390866165,1.39644765739764
8.28921499934805,-0.131874911824015,1.08885712695764
9.27479073489061,0.4770372382847,0.683919963781967
10.1144996806184,-0.971994211475933,-1.54381935422308
10.7265075511516,-0.185202169400994,1.14889980738575
11.2281323882825,1.22096370834882,0.331396112910491
10.3520166502332,0.54128414348235,1.27650357057169
10.5956002515086,0.45735733162533,1.63623037183052
9.32975211250361,-1.03813103968721,1.26489149063099
10.1364755195296,-0.604513230334117,-1.36012041255263
11.2420229768766,-0.764606013753569,1.19943884130233
9.28922324619992,0.395295870013499,-0.0593334219392698
10.0753731058047,-0.990507630466559,-1.28427328908224
11.1428329892722,0.562041390099052,2.09534136096896
8.16034339405872,-1.11641641193354,1.0880517672982
10.5673882796828,1.82853045813536,1.17168196136268
10.8873912343604,0.460591349478104,1.4898363809774
10.4639495962646,-0.70100361225327,-0.710827547549696
11.3146775746844,0.241045932501223,0.469491387198568
9.50451779835875,-0.352453199227956,0.23005016662515
11.6471088450078,0.371147959759657,0.404833925375824
9.59606883026758,0.2435327187603,1.35586509587739
7.83242511781289,-1.01411417266147,1.53027044916521
8.04361449389716,-0.79131387881947,-0.351428002188637
11.3498827035466,0.299593684739564,0.617138390014053
13.4827848586287,1.63905190875156,2.95628330354128
10.5075036248228,1.08461700867092,0.713266533808923
9.91524351872455,-0.624567473618094,-2.41632190741615
12.5435101684556,0.825922901647494,1.42694523727168
11.1241130098544,-0.0485683527562885,-0.410752187489401
8.90440460330416,0.301313651718405,-0.347881580144724
9.3122190690211,0.260361490736558,2.05099755895313
17.6444311917555,2.57544976372339,4.23572288887693
10.886724029983,-1.18528881058722,-1.13242694669716
9.89520965027148,0.100919859012857,1.58148511117319
10.5525029117365,-1.77997728796762,-0.484136482353441
8.49935472406318,0.589835922958758,0.936725420699827
11.1435747753282,1.0966084717214,2.27054093731711
11.9052255381441,1.44566224110115,1.43650563899164
10.7365469713268,-1.92514525183712,-1.31393797977932
8.85528630177525,0.41276949719403,0.235975873854154
13.1508502595416,1.59336995138365,1.9828202309907
11.1359746434843,-0.414015863042303,-2.04295526338105
9.17861492135702,-0.212150532081949,1.4891691158075
9.61362499896462,-0.0365372222047413,-1.08541870993461
11.036570886977,0.365018751433036,0.7044404385349
11.2722748294205,0.665159875745969,0.642220960281024
11.7090656370132,1.31782088371148,2.45197992788009
9.20952369469926,-0.0954875904449924,0.641105519834133
10.5734238291508,0.196278045472469,0.700078157641446
11.8592215529826,2.48799787722146,2.44213474746933
9.04671304416618,0.431098928114991,-0.111465092132936
10.9097649300147,0.188753109329833,0.398477698598541
7.68781093077516,-1.34224312528345,1.00646285116604
9.03818087470036,0.00285604762222659,1.18490164479096
9.65791553237023,-0.221326153166881,-0.886159783335968
9.91705427278968,-0.0110458298093738,1.13243345250619
8.29062043050602,-0.575417641271167,-1.1652984452393
10.504043185168,-0.686815652442701,-0.44171862994102
8.68985852099156,-0.720773631820122,1.35053356794694
9.64813771961044,-0.214504515399774,-1.85829743314574
9.41426768416107,1.36813264802863,-0.594947866866515
12.4867642784706,1.04908662655933,2.32591598610609
9.88811926605527,-0.359975117943056,-0.494780343024183
9.11791652292245,-1.68591645453874,0.900748791309542
11.5904092186524,-0.844583428535954,-0.0905419150240827
10.3059345428655,-0.457760533240508,0.69889541174267
10.9776618519199,0.103638004228304,1.36509789174339
10.4719939406766,-0.662607275700815,-0.482515507210451
12.2148062395892,2.00668069083189,1.19874942226934
11.3052377866569,-0.272267534418351,-0.0512309368548113
8.71896800953347,-1.21394447023951,2.70911204090262
10.3005844121541,-0.141261757282513,0.555516190456323
11.7267988531302,-1.00537758159341,0.470111632314379
9.55157189278879,0.156155707275326,0.237324312696713
11.4331869329057,0.233633614089869,0.375026164390325
10.205431840178,0.355587611628384,2.05654847467151
11.94494341714,-1.62185825912421,-0.649812799099498
9.55150048490762,0.220711290970649,0.630491948246085
9.58333147259315,0.310450080541646,1.03218720441189
11.2222095094879,-1.42110844750449,-0.642277968790121
13.0506510685409,0.955365639730411,2.93674697604224
10.3125485875801,0.784170879094338,-0.536374172674004
15.4449422780815,2.29961936115445,3.66110266042285
10.320648976786,0.156702987375728,0.226759604808685
12.4794722226287,0.0467335275180007,1.88048641060849
8.2168797448934,0.0965858340824363,-1.45088449396625
9.370842513578,0.0697662309003006,1.4909637368786
8.20851661509622,-1.84847277533767,0.452194877308032
11.8148538704965,-1.67112705864224,-1.60678050088121
9.69709134660448,-0.0775389667912034,-0.30709336188523
9.77540052961597,-0.581067380566498,0.402991155186972
12.1687591504732,0.0547365250574253,1.67120369132572
10.3406221895624,-2.11120837326053,-1.32160349065894
12.1330279232136,-1.49869825452676,-0.473475126316677
7.94707115454113,-1.10148343893874,1.52060521550796
11.3233550607698,0.986058221060247,-0.134318130321369
9.89945826114804,-1.09849000709012,0.8985489771718
9.42177926462952,-0.799513953576531,0.549011212446631
9.69937555146186,0.0798738186740527,-0.5658776192193
11.2939824981615,-0.322746361825109,-0.329241023086336
12.0890512439764,0.146417178667962,1.35648609963618
11.1238631043879,2.30506198204569,1.90149042373497
12.8148905887644,-1.12460367125824,1.36279644183836
12.5353658143285,-0.305469639909805,-0.254518782046489
9.5089878151954,-0.516759449743733,-1.47286742125134
12.2899607297981,1.51239542683245,2.30402463989449
9.35064944667981,-0.769484922890278,-0.493364079879267
9.99087328439532,-0.0820869037757183,0.579297074934697
12.3693305572151,0.787133614322708,2.61260862101316
10.089610716914,-1.0585905359484,-0.279709320285395
13.3140421775528,1.65517581574201,2.87714323526798
11.4069336002397,0.675762415474246,-0.259258442195323
7.38922561082808,-1.07420660953035,0.888407931351059
9.97023177767504,0.454577809057738,0.974088116399867
10.0910290494135,-0.213307143233068,-0.343425110967985
9.02591077416802,0.313228771994335,-0.623394552892487
11.1343820040024,-0.0899751970156634,0.531656065086676
10.6103396582829,1.07051603677834,1.29042278084325
9.38725284837574,-1.35110038570333,0.101896624183011
11.0892025836808,-0.522616697195916,0.77554767363359
10.8029595084874,-0.249190677755399,-0.0850809048544107
