"jump","mass","height"
4.01649023089646,46.8304924234257,1.59395243534478
5.46428011822305,48.7816047296785,1.62698225105167
2.62535997993748,65.1514682327971,1.80587083141491
3.98529397431757,54.3876491386275,1.65705083914246
3.69614069256951,45.1092710167531,1.66292877351609
3.90874210310625,70.5200123181537,1.82150649868833
3.13572676932967,58.5334386532582,1.69609162059892
2.65493362713092,56.085501329651,1.52349387653935
4.21803325907476,52.751917497738,1.58131471481065
2.67955716278706,49.760516679811,1.60543380299
3.59394421843637,74.0181797002974,1.77240817974395
3.94909668701192,68.179568552269,1.68598138270574
4.4034097708038,52.2523678598823,1.69007714505941
5.40373202635862,57.0590838817813,1.66106827159451
3.12905610390901,49.9982527095114,1.59441588652459
4.22736328627914,67.6304430008122,1.82869131368031
2.06634795755802,58.6955550903229,1.69978504782292
4.20872276757598,37.1962415229182,1.45333828433704
4.66157528290585,60.3196872914222,1.72013559015637
4.26236082483905,58.3712725046071,1.60272085922721
2.19586850230126,46.9740530173611,1.54321762940132
5.09770352960919,52.3691613331455,1.62820250853417
2.36444206151211,53.4831956921113,1.54739955516928
4.74932660128517,53.3391593342378,1.57711087707089
3.50291878682124,43.8088963759405,1.58749607321507
3.45367245123278,44.8010389070495,1.48133066892576
4.0007968506963,66.7339608587594,1.73377870444945
2.73697235840165,61.1280726400525,1.66533731178365
2.94451762831567,48.8771737684563,1.53618630629881
3.59461763453824,65.9244720787726,1.77538149210699
2.93897219437685,52.5132973594322,1.69264642214768
3.35167533901196,53.7204679157915,1.62049285170077
3.25109557375229,56.7002836119581,1.7395125661045
4.06253663531041,58.5678324297157,1.7378133487533
4.10137309779556,63.7498489686667,1.73215810816375
4.78511636451793,54.5422983102094,1.71886402541001
3.0187777829236,59.2348944702204,1.70539176535376
4.25774227561945,55.7554774800611,1.64380882894233
3.5179945374145,52.6690169289956,1.61940373362601
2.94352704486651,59.2565983171822,1.61195289989876
4.56618490856251,45.8720681821358,1.58052930210795
3.74877367571295,55.5109129297129,1.62920827219804
2.31021952840262,46.0629073951592,1.52346036484317
3.34104398120229,68.662654391814,1.86689559653385
4.47194059672303,64.5707485620923,1.7707961998305
2.49807557640555,43.2081555660552,1.53768914167966
5.41529434458084,46.5696196590553,1.60971151647009
4.04185512139613,49.4357046079661,1.60333446463768
1.08142954774008,66.7264674972058,1.72799651183363
2.58890882378828,54.1242133399849,1.64166309335282
2.48571251595564,57.4604738391834,1.67533185139948
2.64348140827523,53.5023678474366,1.64714532446513
1.93977145490496,56.0493934849143,1.64571295427087
4.86172706288785,60.0506713447887,1.78686022840145
3.81545405934158,57.6017478685165,1.62742290143407
4.6751240036512,67.2574636490201,1.80164706044295
4.16547937838227,41.4821472510359,1.49512471957698
3.86795374939742,58.5950183780987,1.70846137496361
5.07490361481148,58.1358324621146,1.66238542438446
2.56458263886888,58.115464434151,1.6715941568744
2.98615583205202,62.9121818770968,1.68796394827599
2.71514397260592,48.7331799602079,1.59976765468907
3.01729840482694,56.7375831618498,1.61667926163306
2.19356510907605,52.0810936734724,1.54814246168929
3.83657056779404,46.9559926642798,1.54282087735244
3.75600287197478,52.5680081892111,1.68035286414043
5.06938232924686,53.091782176548,1.69482097786294
2.1051469531617,56.6315376178115,1.65530042267305
2.53024457300164,60.4225738095845,1.74222674678797
3.67611354379892,75.9375390361935,1.85500846856271
2.5099322527392,53.3979684672194,1.60089688339435
1.1289706625814,38.7881580993623,1.41908311243592
4.58539068780198,57.1880072633799,1.75057385244623
4.0677717295887,47.5402614128647,1.57907992374176
4.63326032541378,51.3753678741714,1.58119913835326
4.65599714433161,59.6253917786399,1.75255713696967
3.90818171779935,54.6436377674951,1.6215226992949
4.44763887399576,45.3539412370433,1.52792822877455
3.35457387534354,55.2309375215203,1.66813034797491
3.7932567965569,50.615136478783,1.6361108637561
3.75511453147778,62.1082246117419,1.65057641858999
6.16166183944617,58.3530257708138,1.68852804011263
3.89720322012407,52.9536561240016,1.61293399682076
3.31829438839822,52.0184797879442,1.71443765485188
3.95776560052006,55.6436791549821,1.62795134381812
2.75517711458329,52.5672824606407,1.68317819639157
3.10344089753667,58.3636623535218,1.75968390131493
4.96274452628291,61.0334391095826,1.69351814908338
2.38237956130007,50.5092952291504,1.61740684144688
2.75990577262128,55.3025929506067,1.76488076184511
3.43795956459045,68.2841518712697,1.74935038559621
3.49804633845827,48.6199400762227,1.70483969595081
4.01424535304063,58.3282741394437,1.67387317351114
3.03438422419604,54.453670102544,1.58720939239606
6.95160573859232,61.2767097107941,1.786065244853
4.67721707056145,52.3374972448676,1.58997404128529
2.55168933008755,71.5998044319314,1.86873329930166
4.53045132170553,69.1975018107794,1.80326106261852
3.0901671630742,54.841886113603,1.62642996408995
3.99757950623517,46.9067949145225,1.54735790996932
2.23140429024932,53.5262204084949,1.57895934363007
3.16616486293896,59.3611197544782,1.67568837091565
3.70924686360725,49.087728842185,1.62533081215376
4.05011482680113,46.5772262796713,1.61524574006023
1.56033806219681,48.9915431955363,1.5548381432735
3.26866352629486,53.0573730163607,1.64549722751911
1.36424478931696,45.4506890565689,1.57150955305429
3.43944064534276,44.3337119973443,1.48320580634119
2.9525983894031,46.6894333014992,1.61197734797122
5.41751999093689,61.3291939785989,1.74189966090608
4.64365484120821,48.2192013220935,1.59246530373916
3.04147616466947,62.3651457468749,1.7107964322225
3.03977142711708,53.9934395814939,1.48821172917108
4.89106214140195,50.4199914791935,1.64444380344755
4.23732081660403,62.1627009985004,1.70194072039435
2.59273959562681,59.7563497708823,1.68011533621667
1.73254275644937,54.8689194757635,1.66056761941489
3.66076976402615,48.4888556867722,1.58592939916946
2.40044826764534,55.287581638662,1.56502956539664
4.77194794432305,39.8786866650118,1.54758712093951
2.94897506704064,52.656456518848,1.66176465971001
4.02714027473508,42.6288354006541,1.55525253858152
4.233839166109,56.8417039484739,1.60094425562993
4.35607673941148,52.0100944430931,1.62439078078018
2.81096148830369,65.2007698555217,1.83438620052322
1.57384581202564,62.9683162799394,1.58480500983045
3.26900208104601,55.8144836732119,1.67353865722849
4.77448943095666,53.1907599384673,1.65779608495637
4.43894526869384,49.4862408522098,1.55381433658699
5.63699691160711,47.7066851171937,1.64286919138764
3.29939074658897,66.3625916727967,1.79445508584233
3.20738959718963,57.0860451279923,1.69515040530792
3.60053758006345,56.5965778060452,1.65412329219929
4.81222448835655,47.7677390774745,1.60775031676604
0.919251288009986,37.6497977997936,1.44467527784595
2.99069980065144,59.39915173352,1.76313372134142
4.82731391208658,42.1645111228833,1.50393599290752
4.63006204951052,64.6393579022955,1.72399475108773
2.18055559359654,74.0956010916675,1.84091035692175
4.09785733168609,44.7097028174901,1.50561068390282
4.38125640787064,57.7445306218098,1.72017843353747
2.87208882464796,51.4170907529468,1.62378025105975
2.93818538016707,44.8451219124789,1.49278558408545
3.60314528619005,45.2996540401272,1.49853323462182
3.26098687013012,45.5529824285236,1.48984638264254
4.28940326607573,48.0156735365476,1.59690934778297
4.62257393427768,41.8421734617991,1.50382444150041
4.22391407697017,63.8732072539331,1.71879167729758
3.12828982655056,66.9983010754713,1.86001089405257
3.11138424903388,47.4990711283183,1.52129695239648
1.62653074469209,59.5453007564872,1.72877388474752
3.84161019216342,55.8125664156921,1.72690422410009
2.9408935696838,59.028856369409,1.68322025789501
2.26289998225371,48.6904985561676,1.5491623391723
2.84594094740684,59.2636000061338,1.63805473933693
7.36615982025661,53.0849534351814,1.62196046648298
2.93283231956423,56.9029393293549,1.70629895332205
2.54989762852865,53.1328259883458,1.61275612438962
3.81548056312345,56.3465531556421,1.74769733866856
3.18802618735623,48.6622522889644,1.6125419142233
7.45741295028926,63.6606289633337,1.75527114655793
3.19458340305081,46.4131026293715,1.54508229933339
2.94900234760936,46.1867298473649,1.52398447552419
4.56791865672779,77.4808447049104,1.97410399349424
4.66055065084837,49.1314434928044,1.60831424118396
3.77402723965265,48.3613354071103,1.67982275915407
4.36640808115649,60.1277439193097,1.71365696740338
3.47275491040624,54.350414639672,1.60162193742913
2.44678493025917,52.7598538256397,1.70168620443136
2.85560437598415,62.8420037190697,1.68689645273851
3.52149656910367,54.5783856969282,1.62846194923583
4.75132525975131,60.248347837288,1.65652930335253
4.04610123040958,50.3967063559124,1.64659327462615
4.67985137136258,70.0709691842089,1.86284518990162
2.53015574268826,49.2670417703715,1.57586639037272
4.01554299618919,50.5306959283226,1.54040037329253
4.67486452453026,52.3962507555007,1.65377883991711
3.4687894935188,56.4780619176698,1.68104807494431
4.79470984415753,50.2545289153594,1.69365234789102
3.28743777877335,48.356322788271,1.60416346672889
3.38125845611246,48.1583155438878,1.54366738660288
5.09675013714708,60.2808635504562,1.77631851760895
4.06690290698491,51.9924805750198,1.61503496120464
2.56419277205227,47.0157337138705,1.56344871373466
3.86714941716303,55.3294409965745,1.62637204310589
2.92494489593407,57.8303679989602,1.63028241056514
4.02671801556823,58.7318528707835,1.76099202897136
2.81944662500353,53.7825559758604,1.65847372921972
3.81405245447769,65.299519437887,1.72540537851845
4.52536394334069,42.4088381736106,1.60007079828277
3.46716137787505,54.5951852344359,1.67144453095816
4.02485062399417,60.586974308958,1.61753140885092
3.37305833132649,63.8504007709629,1.65945835281736
3.79977342404553,49.3273182393106,1.56046366420225
1.60149017514878,42.6879142095358,1.5189198466672
5.20437019345936,69.0912102781416,1.8497213384748
3.32939747351308,55.8757508706175,1.71007088236724
2.51293832169622,52.3160141465259,1.52487286383751
3.72330586993814,47.2650790826394,1.58888340833196
3.58021652721928,48.3985504286881,1.53145199154027
4.03810869203045,72.4085019909789,1.86988103488837
3.26538614631509,60.42637056582,1.78124129764335
2.75791947374999,56.1202017320469,1.62348549433036
2.6988185606444,55.1023728644636,1.70431940592321
4.53103190343157,54.2706511808397,1.60856600520811
3.714603614819,55.7387792488776,1.60237531053844
3.39082501927318,45.4158284678287,1.57113971621498
2.2443616613087,55.0282201376378,1.59053827325405
5.2738216732977,63.9329568927141,1.81509074673367
3.79050647169635,55.271411735844,1.64459718749146
1.95993809580461,56.0472123348593,1.66192452364276
3.41546744254128,54.3614282026701,1.67436874295991
3.841832971219,63.960551636204,1.77324758784853
3.2243901372859,46.175519389591,1.59839361690552
3.25648434520053,47.5519194073886,1.5507492849608
4.68543634809241,69.3743551223748,1.81756969324032
4.87192483554817,42.8807491682979,1.60588367830947
3.36865425710418,43.8306247283408,1.57769340300601
2.58913857358352,41.9485214298771,1.52637268811167
2.05251379228173,39.9446163535549,1.52152842776822
3.69363247302849,52.4059963048062,1.5926026520702
3.5949482976073,54.6333742883188,1.71179858171665
4.96290500895575,53.3631619539174,1.76098481389297
3.15531753531987,56.6699443306898,1.72075883538356
3.23729746700824,50.5137701592182,1.61363427029047
2.33641288664981,58.2722054928543,1.65597499373846
4.00660250767335,45.4839460310423,1.57954035363199
3.01558115239796,54.4643975348246,1.5782781838426
6.79373944852998,62.0386654568301,1.73846504989769
2.72859120989941,49.4027832689017,1.54844074213965
3.76588205739997,64.7094723892905,1.84552939654925
5.38169026267347,61.6701937252284,1.64096804060341
5.69257331779989,55.2180783089905,1.67145388266292
5.04319509757679,42.3852114461391,1.57614722952604
3.74007132120443,49.909593235378,1.59256113102367
3.9956989973575,38.3668235424076,1.51829838676948
4.53108762314275,52.0073443131356,1.63170746116273
5.00629359918912,55.5614851108702,1.69189824049245
3.06197197283401,59.3387620946071,1.68243043441614
2.41549836751543,53.4520037845082,1.57184635129452
4.46444685501243,46.4650600553417,1.5711378029146
2.17795134473795,54.4103646429783,1.59978012816571
4.54611723711417,70.4689323652332,1.79960606698463
2.49155739374521,44.0659119893514,1.53626963793343
5.68782729698745,50.6650539057834,1.63209484056198
5.38072819523355,70.332497575812,1.84023618216789
4.11866403322352,54.517796822099,1.63990251146712
3.18849279378258,48.0399845445098,1.51401592961786
2.40962302235481,55.7696425857964,1.58352305647259
3.34885709799785,59.2495026173014,1.69854599789049
3.48113503545639,56.2060416311223,1.61243971283302
3.5658042200583,53.2963788595034,1.59381236364502
3.78507366727463,53.9382836267737,1.61560827658715
1.05352823643199,56.5932535524852,1.65904966471392
4.5677776688841,70.6764971656808,1.80985087711458
4.30049283030748,49.8579995208584,1.64114348878611
5.33552050294743,57.3961712681463,1.75807994961515
5.43399573078963,61.0603313277646,1.71307541156506
4.4927547846212,53.2238008382971,1.63863601044939
3.97586593282775,45.0988253377551,1.49670979971094
2.9272231461581,54.0300478645696,1.59788826824475
2.81530271056412,54.278029812854,1.60101295468615
2.83565260405576,53.7109819508848,1.65471544327615
5.88145826757552,62.1192391168939,1.78001986776668
2.58157132849838,70.930357899362,1.87930789738311
4.47192252300314,69.3951075732969,1.80475810589838
3.59250523780772,55.2788314180053,1.63668490356711
3.16736349047531,49.2060269308813,1.47434726044424
4.32372617473766,51.8837353719881,1.61112201359283
2.21907122743033,59.5430296788964,1.65892072230733
4.73210871170855,63.7019044663227,1.73450130040674
4.41252847019244,63.4363104536193,1.74625279684843
3.84590698305372,60.7189009403002,1.71843094294165
2.60715097268981,44.5110178049951,1.51047256502005
4.4258214318296,59.7658727255018,1.73496430456334
2.67938611360213,52.4601870239228,1.60534427835728
4.1252748215857,55.8053645805782,1.66748027001613
3.6008442264921,58.7160472184951,1.65745511771737
2.19547643137575,56.8752975117847,1.69281667649705
5.40512520147039,54.3314689712567,1.65246749828261
5.04713226581839,42.0634826458856,1.48325249024143
5.05223807364286,58.8660133145569,1.72364959647734
3.41594996842345,56.7525160841868,1.68860265683497
3.17891626222628,43.4558703347687,1.62343483747218
4.93172227317696,49.7732186091489,1.66181445110467
4.66014908268492,55.0483006913145,1.66340386453685
4.87373982972166,54.8573633141412,1.6721019468561
4.21353368264866,61.0145826107022,1.81408461659775
4.90685710439515,45.0477114085692,1.62809496210665
5.54694049667665,54.1474038486371,1.66680653838847
4.2615534160724,65.0483408000027,1.76683838730691
4.11953940472672,68.7228088080075,1.75541810233769
4.18946002310336,62.1172348720726,1.76452631103804
2.07029272151261,56.6781444139673,1.59225319989404
3.34660744266671,68.8004620675007,1.85024827302928
3.08727249878812,55.353243966414,1.65667008709302
4.88694606466006,68.7675505904774,1.83668518447069
3.40102899038065,42.4167209045786,1.51490973139693
4.88646666990537,54.3817068805377,1.65209835863542
3.21322562739231,66.64568425051,1.77499145709692
3.30266405571835,46.8328126941974,1.57847578127772
2.87889395195245,48.3091366667864,1.57473110317823
3.55129491360065,43.8407325339911,1.55614612963931
3.77781121104674,49.1423779827986,1.54474867206613
5.1102108497607,53.3021679020556,1.60628404668196
5.39722434230074,59.251107875346,1.6831179172959
4.72361271409261,37.0883793736424,1.44857895020793
4.35844523538588,56.2869981401027,1.67119804333723
6.08697716704912,59.1416975738359,1.77366750464166
3.42207195983298,68.7267915014845,1.85375740182404
4.23069935198308,68.746869021084,1.78011759922006
5.48331663195392,57.5451539019399,1.7256774763796
2.51483522884773,46.5166322238458,1.47732696008857
3.93866038812495,47.5537434547759,1.58984932919932
4.30869655801258,50.237167886272,1.61479535434174
3.7050279221976,60.947133936892,1.72035239027569
4.92703008866313,51.0383533999096,1.63943286659962
3.80687294406304,39.6478989880047,1.52413513719398
3.46320648659245,71.195414145215,1.81844357080941
5.19238334982586,62.072738294725,1.7411391291796
2.58332579684879,53.6937566630594,1.6737430272491
5.32346781029058,54.8099593961379,1.77181086103258
2.06435489435415,53.5813921082787,1.5161225712765
4.21188884578236,72.460233943693,1.71608202977898
3.84395133470511,51.8833874164136,1.59770876236866
5.04176565839145,62.4554486219896,1.71837455218507
3.92196830361696,58.9475562095739,1.64391780453399
4.84842276403892,55.9004508247014,1.71329607130315
3.55426243075989,62.2163528011926,1.78355176150594
3.73806483506028,47.5896410785941,1.65072900903169
5.22696046727357,58.4266591907235,1.75175586369521
2.22165943973872,49.3784495907474,1.5311565964852
2.34309620411908,48.6286893298502,1.5778395559564
4.16963262448471,64.0815952493488,1.80192177113882
3.70836896646111,56.5190067523845,1.68773879730239
2.91982572666917,34.2929851560967,1.44477771795663
5.2794343610414,49.1699921873197,1.51359625479176
2.20619716463835,47.3589363446143,1.62992189844109
3.13311242926095,59.479778214339,1.73657794043345
2.82931977761685,52.0253927036032,1.63981167442848
5.39439299716132,57.773184047957,1.71241874720207
5.17453652389905,66.803237535268,1.74590053777878
3.4984383048309,63.7092070470471,1.81710548288629
2.6884666954866,51.6879476316485,1.6556016733275
3.45188948884772,48.0288438631447,1.64480180938191
0.954766490756903,40.2706093507145,1.47467626408577
4.30642400576291,50.4427964856982,1.65993275940878
3.28243036209947,52.3729769006255,1.59281499421044
1.59050657323148,44.7592587029403,1.55259904171959
3.30619414923205,54.4852602655927,1.63200937689525
4.06389547257657,60.7689369174962,1.75149431727437
3.73839096412568,36.3578205628463,1.45072515113114
3.48948001047307,48.5040390794083,1.60727207127946
2.90346494284653,58.7629767430609,1.66166372835827
2.52584718213162,52.3266983340963,1.5606792429945
4.95117984209227,64.6983507526993,1.68339029424992
3.53068650311671,57.1849711583803,1.69114299206157
4.08701880609043,48.2488723704138,1.6466963840724
3.02301581867409,36.317534593521,1.403410180624
5.15333090830862,74.3780571812692,1.90714581458666
1.87158037130342,60.7039997973122,1.62947007425318
4.61379479246134,59.2727226902345,1.71511932815877
4.84719085440457,60.833395759678,1.67737664910365
6.07700606841912,64.4951596162008,1.75246732348183
2.80877269582088,55.3078992516486,1.73176594463741
2.43573740490372,52.3897170957712,1.62902068287715
4.12937241852991,62.1955556147543,1.68781677722085
2.63985160158914,51.8934457245594,1.55545911688761
5.23120005375563,62.1077398475284,1.73569230108993
1.88980883304302,53.358115214855,1.60389616611156
5.10707349180478,69.6032416228807,1.89167733537882
3.43340137679529,38.8207285262718,1.48489511043118
4.20380290997006,56.6124441920766,1.6036012757034
5.05774338554089,54.352879511113,1.73253798627592
4.08234846927414,54.1133381736528,1.70101325468787
1.67503876745642,53.1447826948341,1.5910518961485
3.66722218784472,43.0211832734791,1.55032192577925
4.15063455441778,53.2002326438498,1.66444757047107
1.91799871743629,49.6244139863828,1.64856925868331
3.91327296402296,45.7578194466729,1.47097187627359
3.73262956699598,56.4635278648838,1.65345510671338
2.57848571087937,57.4002963712666,1.66902303156925
3.95926499476794,57.3791591714231,1.66747263969818
4.0852486360156,49.9384826963745,1.54449829573973
4.38142065377497,60.1952461844209,1.69761332783026
4.04116887815223,56.0540078017372,1.78785701369592
6.22847990355288,56.9075251466646,1.69562364031798
2.95064377886944,47.6628835805464,1.53644115296257
3.72139839555744,54.5114021056771,1.60643545303081
4.40130483132485,52.0082971281263,1.68461036195536
4.36332525286562,48.2648316838374,1.58529543686817
3.63649440421002,36.8460497672955,1.43423536649847
3.91321983785661,64.671396165569,1.73842508200282
3.02595421964381,54.2293447177528,1.56705223883755
2.24153865971449,53.881003391207,1.59264397292317
4.84153452469125,59.9384738974748,1.80039006090045
3.97905551361062,51.2683120059577,1.57258550703946
3.48561420437621,64.7766772783872,1.73457315401893
3.92832207368165,47.1191211869313,1.52393171211812
3.61630405883535,49.8707228712434,1.6145457596926
4.25428209187028,49.6211394088441,1.64264439808635
2.45797796039983,44.3488386469204,1.53313485755756
4.37287857728138,53.2006359473595,1.58652517350911
2.393800122346,52.5331677161805,1.64711584470717
6.0214574241248,59.8770197698995,1.71706959687339
2.60709690591259,49.281036774478,1.48494534565749
2.0369549517016,54.4794273886527,1.61502457607887
2.80216675803814,65.015403760349,1.72564064385455
1.58501199804779,44.1456033956814,1.59611908400224
3.57708769228871,54.8377538877178,1.67272919216729
4.05131202614215,58.0074384334316,1.69922285700644
3.06935224656457,58.5464153867107,1.67678350153317
3.88634998065472,54.1700233175529,1.71532576794714
2.21683365574052,56.8678737424342,1.63772913390226
4.45758752833777,52.9835209665209,1.60863234864079
2.26535097866334,39.45768824755,1.3856851047971
3.84738789656968,55.8722560510389,1.64070589815205
5.97556299397028,56.8614742204522,1.693028469636
4.77091009897838,61.7431471274868,1.70353988408682
2.15619421080061,53.4397487857459,1.59447216486867
5.55920985417208,66.2272078290248,1.82795029097751
2.00603534864221,60.518317036545,1.67864244196288
6.54916854856335,56.457110544833,1.66263158584589
5.61266784405092,65.8456988938779,1.77722667794685
1.83538028966968,47.4346511150314,1.57815337786807
2.45615622079084,57.8400534052803,1.60496613760753
6.23052333433911,71.4067862697478,1.88974524800498
2.41366331890949,57.9148484829934,1.65111291872209
6.76733725789136,65.3647946352085,1.81335684214083
4.36506791032977,44.2511967891344,1.50614933550855
4.32736247671369,56.337601418009,1.63094831979571
3.52519334661129,50.6377721158071,1.68784239036368
5.40940487759373,58.3617236152562,1.68000385452058
3.34924350643861,49.5893270364963,1.54943637404892
5.0139038263946,43.7958679199612,1.65192592746254
2.56347877795067,49.0447000563444,1.5422579346888
4.99397586420893,50.5817601631871,1.72127033252443
3.08590562112529,64.4840804997676,1.75847750898606
2.16102850921663,38.9395403195624,1.42750123035126
4.07799174176361,60.1312172167956,1.77356934623001
4.30412167059658,46.539759396985,1.52589555031915
3.89776918149886,62.9850483728235,1.69547692689826
3.55195011439515,56.3511594012352,1.71599026381426
2.46486046931802,55.3711314990013,1.63001101718986
2.59687544322872,51.6401137618799,1.58548860431402
4.15829601796458,50.8285104316442,1.6665321021242
4.37785853237798,50.4206277257989,1.69388187007145
3.95195686907695,52.4655003010507,1.73833028199487
2.00369467379966,43.952090171217,1.4447663016098
0.853330988076304,44.0464760064719,1.4863620731941
4.46484163877959,71.7021524378198,1.79304023411882
3.67802671845282,63.8715372127096,1.75466288471115
3.71349975646757,60.7595859209294,1.69352889489077
3.69425165147985,64.6100078590724,1.72151784071111
2.05672594078108,58.6687200304807,1.7417174917641
2.31039933488674,40.3444032709193,1.38390772015343
5.8515970968429,65.499544965057,1.76102770966388
5.15201367743388,56.7735312084646,1.60150124034377
2.17640736333356,59.0333124919855,1.67306168306312
3.51202178146052,54.2039708318022,1.62048421991164
2.04038763731783,56.8841370840631,1.73719649540787
2.83529153128021,55.09260989026,1.61515275510444
5.56773158408403,59.9269575755836,1.70185037658882
4.25011682070977,54.4390071063172,1.6109315021361
2.78214697989171,49.1710213790942,1.54072127908985
3.80273289628601,61.9215422771409,1.77100105104403
3.90218919293487,59.1422630460154,1.72409000112743
3.14433779083893,69.1742032854348,1.82242622391565
3.76537926287483,55.5673909897077,1.65651539325793
3.38327049567015,58.8077100607822,1.76250027458282
3.17624782740775,67.1075853650996,1.84754190540191
2.83727827386941,47.3315615802541,1.6218517884961
4.20602062497855,42.200434974488,1.51770488872448
2.50965995584759,52.3032932108847,1.62606484328619
2.78174048981102,45.8539603210797,1.62859587600146
1.56450366750173,48.7015228264848,1.66516805045093
4.82290817342905,70.7478713151221,1.82123049773193
3.65482195918441,50.0122485803426,1.61738561074947
3.61504352476842,49.5328903047569,1.68730046558049
4.47192244137704,52.5062002206551,1.62723159351045
3.55106361999189,59.8693353914471,1.6520450708525
4.30003903727666,59.1915242100813,1.68140576635063
3.76360755715654,65.3345806430124,1.7828214696037
2.95382451193758,59.9886285703019,1.66213183774908
5.14416193547617,56.1703823824472,1.72128423200311
4.75327347676549,62.6305575511784,1.72788600297835
5.02378826940647,58.3065231519461,1.74147732708556
3.81611027835181,50.7280385213489,1.59256054478156
4.01141326474978,74.5746257880653,1.81268812141947
2.52000834772241,55.8424487109393,1.6119043260706
5.50895503243165,56.8260934064056,1.63942158323502
4.52567647332901,59.6776915504945,1.79040502677142
3.94835437903469,60.180940731811,1.77940839061456
4.71104883837531,56.6301360195167,1.54100081275888
5.0620995200204,44.4669789357055,1.56269289995825
2.36039880595411,46.7134714555944,1.51419209406294
3.64156785255302,59.2270893901319,1.66818471926198
3.33810607390757,59.6184161199781,1.66648408679185
4.66071854116481,61.2361208813299,1.68641146873551
3.59794411161807,57.5027005825758,1.70521577142186
3.74222807052591,47.2660154276285,1.5898107154015
3.28445548191457,46.8600477447842,1.55063014089013
4.18471719788095,57.8292468462123,1.75267850560749
2.94184851198767,62.0280981857162,1.72510613026063
3.01147209344476,49.4264376948135,1.49908334626713
3.85580563797209,62.3326916418494,1.64048525491507
3.2572932141979,50.1617464017544,1.56040521772435
2.43919178762621,38.1415194248784,1.4429248929458
4.18224070072689,59.5431995285722,1.66501201311881
3.65003441918921,57.5474931926513,1.64207882907414
4.46758443806146,52.8562642056536,1.64026307324869
2.8803271408856,49.6545315446643,1.67161525418012
5.90846240794234,63.4752586198678,1.73824651643966
2.58674282362716,60.3319751789268,1.67055975044834
2.91919626720213,49.2770907438868,1.58835641571265
4.02532369255736,51.8532821988765,1.57652007480787
4.01298679396365,52.4800140621769,1.63681972069588
2.23475670465067,59.2445951983646,1.6810016986579
2.57232598144376,47.3351338604661,1.5460319647298
4.33414510560012,51.8616519617868,1.63156911311576
6.21215606778959,61.4675671004156,1.74672672601679
5.34731808042202,52.6040750535547,1.63917199087655
5.35772277470135,47.5739132218445,1.58015793324056
4.70534219114546,51.3802433106173,1.62240548315745
4.62374547277909,62.0225600660224,1.7614648545362
3.59491771401814,58.9707803787408,1.70500439612141
4.70965738939449,69.0476281739435,1.77366758000816
3.23672860036896,49.9399241762272,1.66390978571618
1.84985192543947,56.3930045655851,1.69102750964904
4.5559812343957,53.3526517142155,1.59415430876519
3.22542944570008,65.5668247580719,1.71053706689303
4.11423877372875,52.8635308032022,1.59936664578108
1.29571273603836,45.4228552737328,1.50794344953043
0.2730805021898,54.0678023749827,1.66279929656841
4.33465549643042,69.70711808577,1.84458512177314
2.45621712169818,63.8205590778345,1.73009143395731
3.80785259088809,61.6768022240173,1.76652533899463
4.1338536664418,57.4992488858004,1.68588557230932
2.82668059853738,51.3753363675465,1.58914428216838
3.52196929376041,56.0405011658059,1.62977591448897
2.69724326309854,57.1070170287153,1.62267518931881
2.321572375227,52.5171606179103,1.60313002202179
3.73121889286272,58.8919917004988,1.72041672839297
3.99406409094215,52.4127892845819,1.53026364976346
2.91246309834849,60.976270997341,1.73663661321128
4.74686256837978,66.6141662281549,1.73641524862259
2.58286048211545,46.5787409116,1.53013776409313
2.54596002164005,61.208129045994,1.71394919979005
5.48110269760036,65.4863418448459,1.89302266523445
4.14882658602501,50.3849077924988,1.59427845180584
5.18992805673531,60.0819624688796,1.73449042414081
3.97561289658744,46.3764540947038,1.57177981543806
4.19599669619166,57.8838597933545,1.76107114182028
5.1893325152025,59.9039628398598,1.67498247199266
3.83686725584404,69.5550414126401,1.81519153916232
3.04684623589227,40.051584329616,1.50410292714631
3.25841413891257,55.8094754259342,1.64487021138746
4.27765060712414,46.5776425859977,1.59730748238744
3.29680648904786,48.9515416450845,1.63027351309237
3.97443994718778,52.4757039699862,1.5870421257314
1.91779926886047,46.3415953914567,1.5666156419465
3.02772771823157,62.3104715183338,1.70787223746164
3.45962386285814,47.6626280453201,1.54124192859231
4.43481631131862,66.8296696125775,1.79840309315563
2.47887923732705,44.8079469579929,1.53137934146862
5.20467223136053,50.5142804584038,1.66010791513953
4.61398128566704,61.6835537730401,1.70329892868265
3.9720727970198,59.3435908758902,1.70867353390926
3.83972076184968,51.520411190494,1.61982533361336
3.41413887406138,55.2529185888026,1.65795019953284
5.15604874270284,66.2827825262517,1.74612641518097
3.44374711975025,42.4689170023364,1.50435340829236
1.3814657355948,46.4151075213528,1.57182602884679
3.88761302556633,54.1067265922641,1.68204023143166
3.56620985270289,45.2140400717871,1.6055218021663
3.14690025327965,67.1459210989229,1.7870003993971
3.55873703389928,59.7536082380233,1.71732538633548
5.38061415183839,55.7560300708399,1.65721667524148
5.51974766670947,44.7800787125842,1.49922426824633
4.80580774013582,52.5817559658092,1.65261002253262
3.15201376056844,49.0880046151243,1.6183584131803
4.5159828695759,57.1840335857007,1.63976534864794
3.97113364433072,41.2261868511599,1.53184407729443
5.58506768281563,59.5520708260744,1.69986580438299
2.62150075657376,44.6383269879139,1.5461043559693
4.41279539804717,54.0964110576395,1.62737780185576
6.51368461410097,54.0337455182928,1.68814258294514
1.25704811629551,47.3082084601043,1.5716484210987
4.60899893657384,65.4431827414158,1.70829914056801
4.32199168750398,48.7808017523643,1.51834895983483
3.08330473749879,28.9048657710633,1.36902253210395
4.41841173230222,58.067677450079,1.69649679907859
3.31005308026708,58.3316125530552,1.7340539826961
2.90585821178254,48.0332569744238,1.62141545764086
2.82774105454881,58.6672054981431,1.70041262545916
1.40703625911531,47.6080416011175,1.53440834749163
4.06344022490037,52.3000262583218,1.63728513931743
2.69565718193058,50.2806917083824,1.45584816239594
4.36084591009752,53.5300712758879,1.76811808914385
4.52659592684386,70.7701429178761,1.83599108615432
3.73473803301177,60.613088303058,1.7574012260282
5.34605844260471,56.8957132353012,1.64726530335863
4.04179994341441,52.4142511207674,1.64666696577241
3.01492303597126,42.5281876450158,1.49839323768489
3.10901259774927,52.9499664024504,1.72903853438882
2.59993613533212,52.2302424733257,1.62892658193082
2.36564704636266,60.1167421520476,1.58432570746389
3.39444569717632,49.4882019687991,1.50879742073417
4.2703476978429,59.191827656321,1.62002375033537
2.61972210955746,52.6502387443451,1.56509388649833
2.52345967160234,56.4381760444981,1.61029694796722
2.29071171920532,50.3218556847971,1.52824000122364
3.24904230575661,68.0592519670918,1.81875894829457
3.81452265933437,52.0143194406148,1.6483997472792
5.39779848595161,59.6439999445343,1.75749450772724
0.0307333957449729,32.2291904256421,1.38983003297423
3.37514603756433,51.4767011211365,1.60468021700052
4.57581257563843,53.6804948441701,1.58245177084079
2.21741323706547,50.805487130325,1.52770738206341
4.20368570104311,65.5165512108866,1.80466091542241
3.8713086163774,43.319233443119,1.50847180802305
3.82954368129364,69.7337199635516,1.6818390260408
4.27849519799277,63.1265124869368,1.73464362855797
1.30294884743611,61.3147068117252,1.6678190188418
2.88808291598077,47.4758057160375,1.56247445225045
3.87792728992694,60.6870224313105,1.74411658067242
4.74407706889078,57.3761297897097,1.66705880818408
3.33199849591797,54.3632086250475,1.5436502093618
3.82346522998562,44.4283141357117,1.51119509523979
5.31777996755547,72.5076756650706,1.85867174344931
2.11331382792398,41.6846940066259,1.58214968545816
3.41395494251512,40.8628385803792,1.4644428346082
4.52342427324033,52.8583485967137,1.70332593627537
2.38832358845786,60.9702191217854,1.68102302560609
0.979023500234136,45.2234545128261,1.51461656642774
3.06461599128227,40.820007267348,1.4557043586418
3.9226652632539,59.161508026647,1.63836974828414
3.34428215812109,66.6947517401545,1.76393962917094
5.04547382359834,55.1372645759595,1.71361240351821
2.02521031864889,52.9566764117974,1.6007062575838
5.34347467612091,44.1697533986369,1.56658117684156
4.43527581770908,54.3512759350319,1.67710667567505
5.0512698534485,61.9597946553905,1.66573533472162
4.59959034844726,64.4859167102783,1.71297117466927
3.71325040969264,56.3051397534512,1.61042020497111
4.49429852167485,58.2638887484217,1.73993540532031
4.75933210715078,41.5789675972695,1.56691884726638
4.74053302324612,47.5874642028671,1.616945529988
4.13302943435416,63.2593631868137,1.72408145237259
6.16422960940421,60.0175498294562,1.74899716086271
1.94642090206599,33.7569964836471,1.45614952985466
2.4153679061885,54.439004692112,1.66071904070162
6.23720890525239,64.1830207389726,1.71087790117346
2.14817285500516,47.8694123307631,1.50491756865094
5.53709108140324,54.3832949785098,1.69806255998752
4.26256463024709,42.9375577315505,1.56718257296032
3.74996889688404,58.0856642195042,1.75202530121644
3.89960021368926,58.200084676943,1.70384820321026
3.49730051867907,63.1963282371068,1.72690522949956
3.99922415349515,47.4899015854261,1.6620719329287
3.43111803922697,64.3920644101023,1.73636484341578
3.17577606121626,63.9643908658055,1.78805145283145
5.12876802430231,70.4795790320871,1.84662480154556
3.51254570281057,47.6497316415435,1.64716049452509
2.52108128832512,37.9512914447025,1.42509489096676
3.36342352801552,52.8653336510514,1.6531526004594
3.98614638902849,59.9907204510898,1.670556120845
2.50270361063343,57.5422433338045,1.63446546528556
4.1896645447002,60.005657125423,1.70682886207771
3.41342234194825,67.7416172818806,1.75106779645143
3.24955285386998,49.0233323215034,1.59820175698322
2.92919871064191,56.5764180281564,1.62059046728439
3.88988814353936,56.96365414354,1.68978422088003
3.91741964782365,48.2097041546057,1.59497762585109
2.73868301550856,58.7475508314035,1.65912673834882
2.06374257392892,47.7967905114599,1.45382924011147
2.93867519143361,50.8224985807124,1.53801002786024
1.5151420594077,44.0017869599231,1.51722445243959
3.20180320142696,47.0826677481027,1.56463763032728
4.86112366945093,55.4810277365715,1.58066954720693
3.42359301851401,58.4137510108805,1.68823051425464
3.95810372441484,64.4431509238787,1.74821130025226
2.26474955176538,48.4002781330426,1.57726164709125
2.75185814258761,53.1137400535214,1.5503161017622
3.78903851780157,44.556856086609,1.54583111410105
4.19418784234432,54.2494972518718,1.60854112736363
3.78890370698466,49.615135267005,1.62609709318474
3.87694442198456,47.8383528407967,1.69836175338383
2.47008617871826,46.9780759298089,1.61786751578316
2.69218760060143,42.1411751505177,1.442151073114
3.83484155014114,57.3798968252215,1.64085657244499
3.96454671807138,55.562107122598,1.76871868106516
5.24220427716761,57.5928532131131,1.76916012685103
3.35803998513359,56.4255193386743,1.57110367818888
2.05173872260853,42.9781998585059,1.49522234563624
4.2875075954216,73.904412050367,1.89580604918653
3.00320118341667,51.2755500716063,1.63375780575206
2.37322716293472,52.6143895579263,1.64025487498944
2.69597436306956,57.6101430014685,1.69205741886981
2.57943158647978,44.3622116310145,1.48859605433809
2.60717912847978,48.9795736367501,1.57717808888087
3.16089965450713,42.8784867453141,1.495955759471
1.74207492022381,37.7802080171293,1.58069053859894
2.15369719261413,62.71185329671,1.66188494330046
4.23764406920355,52.9771007912023,1.51352905420131
3.66294449875245,54.009174629338,1.70899826793673
4.05546608201225,55.703984495157,1.67893440288173
3.91465664413923,54.1468030122654,1.55957849743794
3.58105602250157,59.9471493078326,1.67263249423811
5.08116392579035,64.6056672325781,1.72480811624938
5.03873828642478,57.3914256261872,1.75610952532617
5.34760838375557,63.3633346236693,1.62871517213535
4.62444449894683,49.2999108909406,1.6406363206089
5.470572860724,56.8948559448936,1.64132858650181
4.29443243133767,64.9443139105799,1.7941461756055
3.02376742996204,60.5137905697454,1.7625071892278
5.12882908867297,58.5786323497274,1.7334401567757
3.3201937218306,48.604476417978,1.62126592001593
4.13699707304893,63.4318944821612,1.68732414341664
5.5645475360312,57.5022977153588,1.69032903312207
3.96399346987633,48.8288447049551,1.54583267057107
1.36022978889846,44.4791288306629,1.47716954846793
5.48075256752361,57.2677843271362,1.71418300276516
3.82082224205336,40.2882236553449,1.49706894688196
3.52629863460274,55.476018149693,1.65016836884842
3.30138514044402,47.7396026154812,1.67502478213483
4.0038230010705,52.5608462914464,1.70638673903059
2.54968751774365,51.401802847736,1.66894262375148
1.19707002139677,45.4058643680304,1.57671461937029
3.2908870777244,61.5833534634918,1.74863658598955
4.20732273044425,72.9235025299655,1.82386337669062
2.96158697941179,54.3597787813079,1.73811788089254
0.501739259752228,44.1121638988917,1.4556349098676
4.75632374008602,67.677144536693,1.78995761854029
2.94747555237807,50.1225303998357,1.64439440538137
3.93425229276371,57.7583436375441,1.70249142793193
1.43402036391703,61.9272480365429,1.71220332358711
4.43300431086732,52.7917051459966,1.64033139267933
2.72642804226155,53.0716584162976,1.64247368023513
5.2690687701789,62.6150800488198,1.75191570693309
4.03571435775402,59.0077951342933,1.72116019224862
4.3516218588635,58.9592431273232,1.74902622460442
4.98307511524881,70.7585240376449,1.88829266952303
3.64874595699107,66.4547935579125,1.71644158636941
4.30777926987516,59.3219917460548,1.67073811573853
4.66347472753567,37.1788129288051,1.42893668894244
5.23403445542044,68.6847067871533,1.91917140032461
3.34775268069815,49.8709993962738,1.60173231782037
4.32356511147563,76.5662209168374,1.88747347150954
2.59513133752247,58.1214355831102,1.6874643568005
4.56308451615352,62.2709718607317,1.80384301988968
2.10802217518494,57.2572574224234,1.63902896788238
2.79749716589999,57.3445458926983,1.70114707546981
5.27385210678511,51.3885642718838,1.67139579796423
1.99096186034759,55.0733013839291,1.63138793006265
5.57949952342492,59.7548709328082,1.63796061753775
4.75171445376162,63.0777464874764,1.75128343358443
5.31078640438425,53.8964947915401,1.62985418530285
3.25621091114815,39.2067530126526,1.44623175055592
3.32264083961904,55.4383996007627,1.63041107511702
5.68594194041058,53.7886106365429,1.70397906055363
4.10806124402776,51.9820151600404,1.71164557163514
3.50612762751898,58.4219676960858,1.71165678174774
2.31958172002249,43.7163974504534,1.48078984791309
3.03291230435279,66.3711138519544,1.68687420580112
4.64477279012046,56.1598318441389,1.74678592099471
4.58392029026822,63.8849752170782,1.77765786814677
3.53855875470917,56.1955895002916,1.62750387289559
1.58128230097538,56.5486032750649,1.61781074138172
3.18020370964126,64.6695640345513,1.7987837831878
0.716624920815976,41.0250471253189,1.48320719542207
2.24730255382255,51.3419500306394,1.60631700230869
5.50854419442378,65.2701280023178,1.69574620793575
4.40374284348654,46.2270875723784,1.48822262346188
3.25535144735211,48.1332739501069,1.67796278624318
5.56626797161795,73.2430137098579,1.83778640210522
3.46078160044785,56.5852136287617,1.64959393465637
3.35394950218329,52.4934236766939,1.62215459750364
4.91621808453922,57.5580710554097,1.69749117140341
3.41643351329659,52.0245410489317,1.62209278292127
5.19068732104518,60.9770044264532,1.73134003740791
4.39053429058617,58.5674070350908,1.74044354644497
2.64446616371912,55.5758114197669,1.65026916612301
3.62945520197896,43.2353285463908,1.53233078422503
3.00930770826193,46.8978718771296,1.51817792725409
2.76484426967335,55.0338962444755,1.59070026343447
3.74315701282892,61.8766988907755,1.72973805005498
2.6805976312283,46.4277580542794,1.45417948253431
3.54418476083078,38.3484234260482,1.46136748412675
3.4301088894091,50.4397099063264,1.58462201752399
3.97326138406529,59.5531166667828,1.68943948479806
2.08033727509131,44.3153651960499,1.5586433951835
3.69506087423081,66.723065764026,1.73867490370961
3.79611602763314,52.5332368664834,1.68333699701552
3.20187880750257,53.987676929511,1.63293603817614
3.59148990125121,60.5956909259653,1.73188281365318
3.82172805370925,57.5300567824136,1.68883651628194
3.48014263456669,50.7049020955248,1.60540649727878
4.18541814889702,57.7857885383269,1.67311149344182
5.47823133705379,54.6827849048141,1.71475133579776
3.71912540302236,51.6694008875618,1.6856283344862
3.16228812016926,47.5754535618336,1.58419897920505
6.14234671961384,60.0113123003419,1.73552022050642
3.61879502651165,67.3522227581561,1.76529362255586
3.06148760221654,62.6384941587628,1.67762745565433
4.19647562623436,56.6831698531781,1.66441046624622
3.44425985941106,55.4783847881943,1.64243749192202
5.08494864609777,68.6751087431704,1.86614158463028
4.54330214378742,56.4811649029683,1.67763155321358
6.52060178422501,47.7920873660776,1.63417059713001
3.72138234410405,40.3154077615968,1.39920821978027
3.95023303764824,42.4669474224109,1.49347182349695
3.89285537336385,55.2772785935911,1.64223267993894
3.3808209512638,54.436126785934,1.67062940448431
3.89136612640988,53.6462269608361,1.67768724588616
3.0019147164428,59.1304739218173,1.73215067804486
4.41759527832729,51.7085134875591,1.63058475906795
4.70177384934426,67.1396440628909,1.77145887944826
4.50899365452267,49.3746648102625,1.55784839571304
2.0714293379374,48.496310511407,1.52915572795569
2.96892443207792,41.6773582898654,1.52710138224462
2.85346791385623,65.4466481725663,1.72422970241865
3.39069902018481,54.5415852885717,1.64170800576608
4.29519731893842,56.362435140328,1.72898179218205
4.33520268208052,53.9336575451391,1.62322935784429
3.60454701843617,54.0953154969073,1.59081078977872
3.00977829543265,46.5113011748793,1.61316474248735
2.5645000266163,49.6695946596195,1.46473831757583
2.18757454082125,46.3720164320321,1.53303847395859
3.30499835031434,49.8331472408884,1.50579653536415
4.67458513476388,61.9198913620296,1.75543222719753
2.17055774030245,49.2492906663481,1.59026699086372
4.94583770665256,52.4454042137412,1.72894598527902
5.35320323582081,60.5180978458222,1.8016490601692
4.22529572298289,53.0262805756865,1.63082251908901
4.57333250202487,59.6511284090884,1.67838789063523
2.11471755251821,35.9794872468644,1.47489324806039
2.26036054700932,54.6825879585911,1.56813302224802
4.86422586607967,60.4176118849969,1.65562148493828
4.62717803144676,51.8685991335243,1.67990869033362
2.96468097607324,51.4425117747112,1.57406018827011
5.49870726265866,69.4772061106259,1.91848589992268
5.27570544164644,50.9658494711605,1.60416098609076
3.77716335401169,58.5894838760587,1.656424355663
3.44650136891574,62.2964308081321,1.71497918671535
3.14578495224563,50.8817139898288,1.6473981365226
2.25585313837742,48.7387452240478,1.58564326129729
4.41027809671563,57.6628958843919,1.75453056639633
4.82656300551588,66.9927711110545,1.81155453232072
3.9685722174454,48.0178954797193,1.64703060289502
4.51455062581464,47.7068916269961,1.70622673454031
3.31265368800949,59.688224476347,1.64025875014974
4.33833380514062,70.4591323307319,1.75164552177022
2.3566658752135,45.2665056456396,1.53438326057401
4.34823179821389,73.8893658626071,1.88208602239945
3.34816571885749,50.5095326231695,1.58964687522117
4.17722841771395,51.1444973863738,1.50411505855619
1.38413055920072,54.3751467350916,1.61490821728069
5.97088284818322,56.2372365316856,1.6646708484145
3.83310036146876,58.4965833288318,1.81236212076802
5.02076306421999,64.9618672048901,1.74112096767713
3.4860210516581,53.990870072287,1.66424584320458
2.88738791501085,40.051581295505,1.51105164760118
3.15963381952127,48.0769685005501,1.56339622553279
1.15699694064184,52.8705392019361,1.63367150677707
7.51324407876682,76.8403883067069,1.90530261134606
3.19389314720473,38.195003206679,1.46397724257816
4.86992012217621,59.9402431180025,1.7631054651846
2.67750368083805,56.9783288081889,1.59727657427661
3.51322394920147,71.4353081507653,1.81659908999874
4.38426272406041,51.8436895714081,1.53607993600266
4.34063257659818,62.0481346568726,1.66436232346627
4.26251013431444,48.2508901587613,1.54004490582972
3.78926931220285,58.248942053049,1.74035164263617
2.90372439982434,66.904081187365,1.79837794887381
3.77810361677081,72.3207136345142,1.84507210064012
5.42308422079742,69.4959307877725,1.72976006575895
3.07300770154483,59.4351540464219,1.83432662545778
5.93521274385478,64.0800551214508,1.77464239086616
3.03969586697567,56.2022821119138,1.6368125088176
2.30022476251247,57.4255640565795,1.69770372382847
2.24051954065758,41.9925037597469,1.55280057885241
3.84784815324312,56.2005292190086,1.6314797830599
3.97375239575173,59.6901679854675,1.77209637083488
1.24827823939766,60.1045190471026,1.70412841434823
3.39470032826717,61.1406003585569,1.69573573316253
4.6348954243518,52.9497063910752,1.54618689603128
3.19952743415269,44.3018447393823,1.58954867696659
4.75686973000932,53.8474921731965,1.57353939862464
3.21880031393998,54.062279079275,1.68952958700135
4.0826601458833,42.9527928167274,1.55094923695334
3.42000945061696,63.4799339431684,1.70620413900991
3.95024741347167,51.9159686952654,1.53835835880665
2.61547695164009,66.2166726801391,1.83285304581354
3.98263364718626,60.5704946097517,1.69605913494781
4.78618736811556,46.4803544063146,1.57989963877467
2.92990599795049,55.448397466615,1.67410459325012
5.16463911184954,51.7737606015812,1.6147546800772
3.4394906491873,55.8041664780045,1.68711479597597
3.1249554459576,59.0055725268283,1.67435327187603
1.94000544992656,54.1118421134566,1.54858858273385
3.91718937418781,47.5294796796383,1.57086861211805
2.68155152515386,56.3146357850454,1.67995936847396
2.78361456926252,72.3520702263387,1.81390519087516
3.90384241646826,60.5275831862216,1.75846170086709
1.89491718129523,39.9897188975125,1.58754325263819
3.07446904269691,62.0934560245583,1.73259229016475
5.67075999104582,50.5840486043414,1.64514316472437
3.93252802424937,52.4626744606681,1.68013136517184
4.48262211151429,61.8652107143724,1.67603614907366
2.88507530158192,82.5665487657279,1.90754497637234
1.05385683396739,42.7489455974108,1.53147111894128
4.55445315623844,59.2422087597405,1.66009198590129
2.96344507643762,42.9592223750713,1.47200227120324
5.51848064815423,58.9797282116121,1.70898359229588
5.0507071015723,66.8170727472371,1.75966084717214
2.03486575203239,65.264056728101,1.79456622411012
4.07757647187236,39.0798167705662,1.45748547481629
2.86298972358908,55.3267189140719,1.6912769497194
4.18479728500248,68.2185482607221,1.80933699513837
3.96498713813023,42.4079878034513,1.60859841369577
2.76820743149468,57.4397855853055,1.6287849467918
3.02728952419981,47.940520931841,1.64634627777953
3.8229053930858,56.9734957485111,1.6865018751433
4.23248177418817,58.167106801616,1.7165159875746
2.49731192929465,68.6672261529024,1.78178208837115
5.36490751714823,54.5770027392754,1.6404512409555
5.07646251382902,56.160896653966,1.66962780454725
4.31507623119279,74.9013559125077,1.89879978772215
2.23241630421296,54.0243639579616,1.6931098928115
4.78080880520629,54.9193006445677,1.66887531093298
4.95531691877624,50.6618563498344,1.51577568747166
2.46909338749591,57.2027460296277,1.65028560476222
3.84612841952637,47.8970576153036,1.62786738468331
2.12854042247882,56.9289473949729,1.64889541701906
3.03711143534613,45.2081061615726,1.59245823587288
4.03795510963567,47.6181166270875,1.58131843475573
1.76386975450542,54.6404784910806,1.57792263681799
2.68764386628321,44.0392919340035,1.62854954846002
4.07013272216361,56.737976101986,1.78681326480286
3.43629317163911,66.7995789766024,1.75490866265593
3.5943149232319,48.8409095024728,1.61400248820569
2.65779470808738,48.8662423326968,1.48140835454613
1.33240070357742,48.3454128021898,1.5655416571464
2.12906200119979,53.1817921352229,1.60422394667595
3.76470684500409,58.3892745536078,1.66036380042283
3.89359338504828,47.5597541832968,1.58373927242992
5.99483157962935,67.2810823458956,1.85066806908319
4.16220084899683,51.007471516316,1.62277324655816
2.80727389611991,57.9970358358738,1.52860555297605
4.18479974117349,54.0262516551398,1.63587382427175
2.0613857574015,49.9078664702419,1.54946224184066
1.47106376142251,54.1224904252363,1.66561557072753
3.53614843100764,55.0357362155012,1.67336336140899
3.37745386520484,62.3371854220853,1.68555876116284
2.14070161515709,42.9162856541685,1.48781417408758
1.50379828490084,55.9969824262417,1.67207112909706
2.38599051342503,58.0260950386408,1.68104500805416
4.55479736071162,43.7476991102326,1.50788915524955
2.75748587489722,68.7742145480443,1.74553656397304
4.11549841682978,54.0346741466618,1.72841708790943
4.09527295282873,78.7303095442411,1.87996193611544
5.44402783431042,54.0827833264136,1.66567029873757
3.68259890118569,60.1873566735356,1.6546733527518
5.9231573297959,47.0926226255833,1.65965858340824
4.6337694905229,58.7357530750506,1.65697662309003
1.18953815730832,46.4391750629118,1.46515272246623
3.14110723806167,38.8942266559461,1.48288729413578
4.15451973492754,50.8661497634937,1.64224610332088
2.74587859579471,51.4565825302937,1.59189326194335
3.17758201560422,59.3872019980021,1.65547365250574
2.80830573401167,38.3434676794309,1.43887916267395
1.0787143606207,44.1113068155345,1.50013017454732
0.86689621265217,53.7082501961649,1.53985165610613
3.47585434515576,56.6430574586558,1.74860582210602
3.50672057991649,51.232477935208,1.54015099929099
4.38325555051825,51.0961251757272,1.57004860464235
1.37388819052536,50.5551850544053,1.65798738186741
3.36184224789686,49.6692356860734,1.61772536381749
2.72690702515078,58.5537510184591,1.6646417178668
4.0201189588564,71.7219089605646,1.88050619820457
4.00187452581034,52.980955563047,1.53753963287418
5.59360155878102,50.0454268684103,1.61945303600902
3.26659355869914,44.2348449119533,1.59832405502563
4.25034571533713,69.080585508428,1.80123954268325
1.62384438756809,47.0553344444987,1.57305150771097
6.35973770154796,54.3909361943248,1.64179130962243
3.79303685506008,66.6451649752964,1.72871336143227
3.91884613455921,46.6857690380557,1.54414094640516
4.67349066380585,72.1203030896886,1.8155175815742
2.79854431203773,54.6128043108337,1.71757624154742
3.24741438662066,51.2930652895563,1.54257933904696
2.5112633195008,58.4787385841626,1.69545778090577
3.73291010656424,50.1041866847268,1.62866928567669
4.22799125873707,51.416896592325,1.68132287719943
2.63633637344767,54.1643574612902,1.64100248029843
2.71769288713446,62.7652658095533,1.75705160367783
3.08394626275506,47.0076191729462,1.51488996142967
3.46931447705532,53.2027795298707,1.59773833028041
3.69651230650634,50.9758184616836,1.62508093222446
